trialIndex,blockId,trialType,fixPosition,targetPosition,displacement,shapeInit,contrastInit,fixationDurationInSec,response,result
0,0,Step,-0.0,8.0,0.6000000000000005,1,1,1.318,RightResponse,correct
1,0,Change,0.0,-6.0,-1.2,0,0,1.211,RightResponse,incorrect
2,0,Change,0.0,-8.0,-0.2999999999999998,0,1,0.743,LeftResponse,correct
3,0,Blank,-0.0,6.0,0.30000000000000027,1,0,1.274,RightResponse,correct
4,0,Step,-0.0,6.0,-0.2999999999999998,1,1,1.309,RightResponse,incorrect
5,0,Blank,-0.0,6.0,0.6000000000000005,1,1,1.051,RightResponse,correct
6,0,Change,0.0,-6.0,2.220446049250313e-16,1,0,1.145,LeftResponse,incorrect
7,0,Step,0.0,-8.0,0.30000000000000027,1,0,0.905,LeftResponse,incorrect
8,0,Change,-0.0,6.0,-0.2999999999999998,0,1,0.956,RightResponse,incorrect
9,0,Blank,0.0,-8.0,0.9000000000000004,1,1,0.83,RightResponse,correct
10,0,Change,-0.0,8.0,-0.5999999999999999,0,0,0.916,LeftResponse,correct
11,0,Blank,0.0,-6.0,-0.5999999999999999,0,0,1.086,LeftResponse,correct
12,0,Blank,0.0,-8.0,1.2000000000000002,0,1,1.23,RightResponse,correct
13,0,Step,-0.0,8.0,-1.5,1,1,0.94,RightResponse,incorrect
14,0,Change,-0.0,6.0,0.30000000000000027,1,0,1.093,LeftResponse,incorrect
15,0,Change,-0.0,8.0,0.30000000000000027,0,0,0.523,RightResponse,correct
16,0,Change,-0.0,8.0,1.2000000000000002,1,1,0.674,RightResponse,correct
17,0,Blank,-0.0,8.0,-0.5999999999999999,1,0,0.961,LeftResponse,correct
18,0,Step,0.0,-8.0,0.9000000000000004,0,1,1.049,RightResponse,correct
19,0,Step,-0.0,6.0,-1.2,1,0,0.694,LeftResponse,correct
20,0,Step,0.0,-6.0,1.2000000000000002,1,1,0.869,RightResponse,correct
21,0,Step,-0.0,6.0,1.2000000000000002,1,1,0.736,RightResponse,correct
22,0,Change,0.0,-6.0,1.2000000000000002,1,0,1.06,LeftResponse,incorrect
23,0,Change,0.0,-6.0,-0.8999999999999999,0,0,1.212,LeftResponse,correct
24,0,Step,0.0,-8.0,-0.5999999999999999,0,0,0.923,RightResponse,incorrect
25,0,Change,0.0,-6.0,1.2000000000000002,0,1,1.389,RightResponse,correct
26,0,Change,-0.0,6.0,-0.8999999999999999,0,0,1.391,LeftResponse,correct
27,0,Blank,0.0,-8.0,-1.5,0,0,0.543,LeftResponse,correct
28,0,Change,-0.0,8.0,1.5000000000000004,0,1,1.451,RightResponse,correct
29,0,Change,0.0,-8.0,0.30000000000000027,1,0,1.251,LeftResponse,incorrect
30,0,Step,-0.0,8.0,-1.2,0,0,0.822,LeftResponse,correct
31,0,Blank,0.0,-6.0,-0.5999999999999999,1,1,0.637,LeftResponse,correct
32,0,Step,-0.0,8.0,-0.8999999999999999,0,0,1.024,LeftResponse,correct
33,0,Blank,0.0,-8.0,0.9000000000000004,0,1,0.923,RightResponse,correct
34,0,Step,0.0,-6.0,0.6000000000000005,1,0,0.523,LeftResponse,incorrect
35,0,Step,0.0,-8.0,0.9000000000000004,1,0,0.582,LeftResponse,incorrect
36,0,Blank,0.0,-8.0,1.2000000000000002,1,0,0.697,RightResponse,correct
37,0,Change,0.0,-6.0,-0.8999999999999999,1,1,1.197,LeftResponse,correct
38,0,Blank,0.0,-6.0,2.220446049250313e-16,1,0,0.958,RightResponse,correct
39,0,Step,-0.0,8.0,0.9000000000000004,0,1,0.674,LeftResponse,incorrect
40,0,Change,0.0,-6.0,2.220446049250313e-16,0,1,0.997,RightResponse,correct
41,0,Blank,0.0,-8.0,1.5000000000000004,1,1,1.202,RightResponse,correct
42,0,Blank,-0.0,8.0,0.9000000000000004,1,0,0.609,RightResponse,correct
43,0,Blank,0.0,-8.0,-0.8999999999999999,1,0,1.499,LeftResponse,correct
44,0,Blank,0.0,-6.0,-1.5,0,1,0.731,LeftResponse,correct
45,0,Step,0.0,-8.0,1.2000000000000002,0,1,0.943,RightResponse,correct
46,0,Blank,0.0,-6.0,0.6000000000000005,1,0,0.909,RightResponse,correct
47,0,Step,0.0,-6.0,1.2000000000000002,1,0,0.577,RightResponse,correct
48,0,Change,0.0,-8.0,0.6000000000000005,0,0,0.64,LeftResponse,incorrect
49,0,Change,-0.0,8.0,-0.8999999999999999,0,0,0.81,LeftResponse,correct
50,0,Blank,0.0,-8.0,-1.2,1,1,1.305,LeftResponse,correct
51,0,Blank,0.0,-6.0,1.2000000000000002,1,1,0.85,RightResponse,correct
52,0,Step,0.0,-8.0,-1.5,1,1,0.875,LeftResponse,correct
53,0,Blank,0.0,-6.0,-0.8999999999999999,0,1,0.686,LeftResponse,correct
54,0,Step,0.0,-6.0,0.9000000000000004,0,0,0.769,LeftResponse,incorrect
55,0,Blank,0.0,-8.0,-1.2,0,0,1.338,LeftResponse,correct
56,0,Step,-0.0,8.0,2.220446049250313e-16,1,1,0.551,RightResponse,correct
57,0,Step,0.0,-8.0,1.2000000000000002,1,1,0.941,LeftResponse,incorrect
58,0,Blank,0.0,-6.0,-1.5,1,1,0.79,LeftResponse,correct
59,0,Step,-0.0,8.0,-1.2,1,1,1.293,RightResponse,incorrect
60,0,Change,0.0,-6.0,0.30000000000000027,0,1,0.885,LeftResponse,incorrect
61,0,Change,-0.0,6.0,-0.2999999999999998,1,0,0.617,RightResponse,incorrect
62,0,Blank,0.0,-6.0,1.5000000000000004,0,0,0.801,RightResponse,correct
63,0,Blank,-0.0,8.0,2.220446049250313e-16,0,0,0.601,LeftResponse,incorrect
64,0,Blank,0.0,-6.0,2.220446049250313e-16,0,1,1.086,RightResponse,correct
65,0,Blank,-0.0,8.0,1.5000000000000004,1,1,0.524,RightResponse,correct
66,1,Blank,0.0,-6.0,-0.5999999999999999,1,0,0.775,LeftResponse,correct
67,1,Change,0.0,-6.0,1.5000000000000004,0,0,1.237,RightResponse,correct
68,1,Change,0.0,-8.0,-1.5,1,1,0.648,LeftResponse,correct
69,1,Change,0.0,-6.0,-0.5999999999999999,1,0,1.005,LeftResponse,correct
70,1,Change,0.0,-6.0,1.2000000000000002,1,1,0.885,RightResponse,correct
71,1,Step,-0.0,6.0,-0.5999999999999999,0,1,1.406,RightResponse,incorrect
72,1,Step,-0.0,6.0,1.2000000000000002,1,0,0.735,RightResponse,correct
73,1,Blank,-0.0,6.0,0.9000000000000004,1,1,0.76,RightResponse,correct
74,1,Blank,0.0,-8.0,-0.2999999999999998,0,0,0.884,RightResponse,incorrect
75,1,Step,0.0,-8.0,1.2000000000000002,0,0,1.337,RightResponse,correct
76,1,Change,-0.0,6.0,-0.5999999999999999,1,1,1.049,LeftResponse,correct
77,1,Step,-0.0,8.0,-0.8999999999999999,1,0,0.813,RightResponse,incorrect
78,1,Blank,0.0,-6.0,-1.2,1,1,0.991,LeftResponse,correct
79,1,Step,-0.0,8.0,0.30000000000000027,1,1,0.869,LeftResponse,incorrect
80,1,Blank,-0.0,8.0,1.2000000000000002,1,1,0.732,RightResponse,correct
81,1,Blank,0.0,-8.0,-1.5,1,0,1.054,LeftResponse,correct
82,1,Change,-0.0,6.0,0.6000000000000005,1,0,1.216,LeftResponse,incorrect
83,1,Blank,-0.0,8.0,-0.2999999999999998,0,1,1.251,LeftResponse,correct
84,1,Step,0.0,-6.0,-0.8999999999999999,1,0,1.233,LeftResponse,correct
85,1,Change,-0.0,8.0,0.30000000000000027,1,0,1.227,RightResponse,correct
86,1,Step,0.0,-8.0,1.5000000000000004,1,0,0.998,LeftResponse,incorrect
87,1,Blank,0.0,-8.0,-0.2999999999999998,1,0,0.959,LeftResponse,correct
88,1,Change,0.0,-8.0,1.2000000000000002,0,0,1.004,RightResponse,correct
89,1,Blank,0.0,-6.0,-0.5999999999999999,0,1,0.705,LeftResponse,correct
90,1,Change,-0.0,8.0,-0.8999999999999999,1,0,1.051,LeftResponse,correct
91,1,Step,-0.0,6.0,2.220446049250313e-16,0,0,0.744,RightResponse,correct
92,1,Blank,-0.0,8.0,-0.2999999999999998,1,0,0.75,LeftResponse,correct
93,1,Blank,-0.0,6.0,1.5000000000000004,0,1,1.493,RightResponse,correct
94,1,Step,0.0,-8.0,0.6000000000000005,1,0,0.859,RightResponse,correct
95,1,Step,0.0,-8.0,2.220446049250313e-16,1,0,0.742,LeftResponse,incorrect
96,1,Step,-0.0,8.0,0.6000000000000005,1,0,0.786,LeftResponse,incorrect
97,1,Blank,0.0,-8.0,-0.2999999999999998,0,1,0.736,RightResponse,incorrect
98,1,Change,-0.0,8.0,1.2000000000000002,1,0,1.063,LeftResponse,incorrect
99,1,Blank,-0.0,6.0,-1.5,1,0,1.242,LeftResponse,correct
100,1,Blank,-0.0,6.0,-1.2,0,1,0.928,LeftResponse,correct
101,1,Step,-0.0,6.0,0.9000000000000004,1,0,0.813,RightResponse,correct
102,1,Step,-0.0,6.0,-0.8999999999999999,1,1,0.923,LeftResponse,correct
103,1,Change,0.0,-6.0,-0.2999999999999998,1,1,1.316,LeftResponse,correct
104,1,Blank,0.0,-8.0,0.9000000000000004,1,0,1.496,RightResponse,correct
105,1,Blank,-0.0,6.0,-0.8999999999999999,1,1,0.922,LeftResponse,correct
106,1,Step,-0.0,6.0,0.6000000000000005,0,0,0.616,RightResponse,correct
107,1,Blank,0.0,-6.0,-0.8999999999999999,0,0,1.469,LeftResponse,correct
108,1,Blank,-0.0,8.0,1.5000000000000004,0,1,1.495,RightResponse,correct
109,1,Blank,-0.0,8.0,-0.8999999999999999,0,0,0.98,LeftResponse,correct
110,1,Step,0.0,-8.0,-0.2999999999999998,1,1,1.189,RightResponse,incorrect
111,1,Step,-0.0,6.0,0.30000000000000027,1,1,0.82,RightResponse,correct
112,1,Change,-0.0,6.0,2.220446049250313e-16,0,1,0.824,RightResponse,correct
113,1,Step,-0.0,6.0,-1.2,0,0,1.303,LeftResponse,correct
114,1,Change,-0.0,8.0,-0.8999999999999999,0,1,0.501,RightResponse,incorrect
115,1,Blank,-0.0,6.0,-0.8999999999999999,0,1,1.278,LeftResponse,correct
116,1,Step,-0.0,8.0,0.9000000000000004,1,1,0.544,RightResponse,correct
117,1,Blank,-0.0,6.0,-1.2,1,1,1.073,LeftResponse,correct
118,1,Step,-0.0,8.0,1.5000000000000004,1,0,0.953,RightResponse,correct
119,1,Blank,0.0,-6.0,-0.2999999999999998,1,0,0.754,LeftResponse,correct
120,1,Change,0.0,-8.0,-1.5,1,0,1.319,LeftResponse,correct
121,1,Blank,-0.0,8.0,-0.5999999999999999,0,1,1.07,LeftResponse,correct
122,1,Change,-0.0,6.0,2.220446049250313e-16,0,0,1.091,LeftResponse,incorrect
123,1,Step,-0.0,6.0,0.6000000000000005,0,1,1.018,RightResponse,correct
124,1,Blank,-0.0,8.0,0.30000000000000027,0,1,1.057,LeftResponse,incorrect
125,1,Blank,-0.0,8.0,0.6000000000000005,1,0,0.505,LeftResponse,incorrect
126,1,Change,-0.0,6.0,0.9000000000000004,0,0,0.905,RightResponse,correct
127,1,Step,0.0,-6.0,1.5000000000000004,0,0,1.382,RightResponse,correct
128,1,Step,0.0,-8.0,1.2000000000000002,1,0,0.695,LeftResponse,incorrect
129,1,Blank,-0.0,6.0,-0.8999999999999999,1,0,1.134,LeftResponse,correct
130,1,Change,0.0,-8.0,-0.2999999999999998,0,0,0.589,LeftResponse,correct
131,1,Blank,-0.0,8.0,0.6000000000000005,0,1,1.041,RightResponse,correct
132,2,Change,0.0,-6.0,0.9000000000000004,1,1,1.096,LeftResponse,incorrect
133,2,Change,-0.0,6.0,-1.5,1,0,0.659,LeftResponse,correct
134,2,Step,0.0,-8.0,0.6000000000000005,1,1,0.526,RightResponse,correct
135,2,Change,-0.0,8.0,-1.5,0,1,1.296,LeftResponse,correct
136,2,Change,0.0,-6.0,-1.5,0,0,1.48,LeftResponse,correct
137,2,Blank,0.0,-8.0,-0.5999999999999999,0,1,1.117,LeftResponse,correct
138,2,Change,0.0,-8.0,-0.2999999999999998,1,0,0.622,RightResponse,incorrect
139,2,Change,-0.0,6.0,-0.2999999999999998,1,1,1.207,RightResponse,incorrect
140,2,Step,0.0,-8.0,-1.5,1,0,0.981,LeftResponse,correct
141,2,Change,-0.0,6.0,1.5000000000000004,1,0,0.513,RightResponse,correct
142,2,Change,-0.0,8.0,2.220446049250313e-16,0,1,0.884,RightResponse,correct
143,2,Change,-0.0,8.0,1.5000000000000004,0,0,0.965,RightResponse,correct
144,2,Step,0.0,-8.0,-0.8999999999999999,1,0,0.827,LeftResponse,correct
145,2,Blank,0.0,-8.0,1.5000000000000004,0,0,0.804,RightResponse,correct
146,2,Change,-0.0,8.0,-0.5999999999999999,1,0,1.274,RightResponse,incorrect
147,2,Change,0.0,-8.0,0.6000000000000005,1,1,0.88,RightResponse,correct
148,2,Step,-0.0,6.0,2.220446049250313e-16,0,1,1.315,LeftResponse,incorrect
149,2,Step,-0.0,8.0,1.5000000000000004,0,1,1.251,RightResponse,correct
150,2,Step,0.0,-6.0,0.30000000000000027,0,0,0.567,LeftResponse,incorrect
151,2,Step,-0.0,6.0,-1.2,1,1,0.516,RightResponse,incorrect
152,2,Blank,-0.0,6.0,0.30000000000000027,0,0,0.565,RightResponse,correct
153,2,Change,-0.0,6.0,-0.8999999999999999,1,0,0.563,LeftResponse,correct
154,2,Change,0.0,-6.0,-0.2999999999999998,0,1,0.876,RightResponse,incorrect
155,2,Change,0.0,-6.0,0.6000000000000005,1,0,0.621,RightResponse,correct
156,2,Step,-0.0,6.0,-0.5999999999999999,1,0,1.083,LeftResponse,correct
157,2,Change,-0.0,6.0,0.30000000000000027,1,1,1.369,RightResponse,correct
158,2,Blank,0.0,-8.0,2.220446049250313e-16,1,0,1.472,LeftResponse,incorrect
159,2,Blank,0.0,-8.0,0.30000000000000027,1,0,1.074,LeftResponse,incorrect
160,2,Blank,0.0,-8.0,1.5000000000000004,0,1,1.413,RightResponse,correct
161,2,Blank,0.0,-8.0,-1.5,1,1,0.55,LeftResponse,correct
162,2,Change,0.0,-8.0,-0.5999999999999999,0,0,1.386,RightResponse,incorrect
163,2,Change,0.0,-8.0,1.2000000000000002,0,1,0.597,LeftResponse,incorrect
164,2,Blank,0.0,-8.0,0.6000000000000005,0,0,0.719,LeftResponse,incorrect
165,2,Step,-0.0,8.0,-1.5,1,0,0.638,RightResponse,incorrect
166,2,Step,0.0,-8.0,-0.2999999999999998,0,0,0.889,RightResponse,incorrect
167,2,Step,0.0,-6.0,1.5000000000000004,1,0,1.453,RightResponse,correct
168,2,Blank,0.0,-6.0,1.2000000000000002,0,0,0.703,RightResponse,correct
169,2,Step,0.0,-6.0,1.2000000000000002,0,0,0.753,LeftResponse,incorrect
170,2,Step,-0.0,6.0,0.9000000000000004,0,1,0.87,RightResponse,correct
171,2,Change,-0.0,6.0,0.30000000000000027,0,0,1.283,RightResponse,correct
172,2,Blank,-0.0,8.0,0.30000000000000027,1,1,1.028,RightResponse,correct
173,2,Change,0.0,-8.0,0.30000000000000027,0,0,0.98,RightResponse,correct
174,2,Step,-0.0,6.0,-0.2999999999999998,0,1,1.39,RightResponse,incorrect
175,2,Blank,-0.0,8.0,0.30000000000000027,1,0,1.068,RightResponse,correct
176,2,Change,-0.0,8.0,0.6000000000000005,1,1,1.199,RightResponse,correct
177,2,Step,0.0,-8.0,1.5000000000000004,0,1,0.512,RightResponse,correct
178,2,Blank,-0.0,8.0,-1.2,1,1,0.814,LeftResponse,correct
179,2,Step,-0.0,6.0,2.220446049250313e-16,1,1,0.612,LeftResponse,incorrect
180,2,Change,-0.0,6.0,-0.2999999999999998,0,0,1.306,LeftResponse,correct
181,2,Step,-0.0,6.0,-0.8999999999999999,0,0,0.855,LeftResponse,correct
182,2,Step,-0.0,6.0,1.5000000000000004,1,0,0.659,LeftResponse,incorrect
183,2,Change,0.0,-8.0,0.30000000000000027,0,1,0.789,RightResponse,correct
184,2,Blank,-0.0,8.0,0.9000000000000004,1,1,1.072,LeftResponse,incorrect
185,2,Change,0.0,-8.0,-0.5999999999999999,1,0,1.496,RightResponse,incorrect
186,2,Change,0.0,-8.0,2.220446049250313e-16,1,1,0.817,LeftResponse,incorrect
187,2,Blank,-0.0,6.0,0.30000000000000027,1,1,0.984,RightResponse,correct
188,2,Blank,0.0,-6.0,1.5000000000000004,0,1,0.629,RightResponse,correct
189,2,Blank,-0.0,6.0,0.9000000000000004,0,0,1.317,RightResponse,correct
190,2,Step,-0.0,6.0,1.5000000000000004,0,1,0.68,RightResponse,correct
191,2,Change,0.0,-6.0,2.220446049250313e-16,1,1,0.655,LeftResponse,incorrect
192,2,Blank,0.0,-6.0,0.9000000000000004,0,1,0.971,RightResponse,correct
193,2,Step,0.0,-8.0,-1.2,1,0,0.626,LeftResponse,correct
194,2,Blank,0.0,-8.0,0.30000000000000027,0,1,1.092,RightResponse,correct
195,2,Blank,-0.0,6.0,-1.2,1,0,0.854,LeftResponse,correct
196,2,Change,0.0,-8.0,1.5000000000000004,0,1,1.138,RightResponse,correct
197,2,Change,-0.0,8.0,1.2000000000000002,0,0,0.68,RightResponse,correct
198,3,Change,0.0,-8.0,-0.5999999999999999,1,1,0.53,NoResponse,invalid
199,3,Change,0.0,-6.0,-1.5,1,1,0.937,LeftResponse,correct
200,3,Blank,0.0,-6.0,2.220446049250313e-16,1,1,1.403,LeftResponse,incorrect
201,3,Change,-0.0,8.0,2.220446049250313e-16,0,0,1.42,RightResponse,correct
202,3,Step,0.0,-8.0,-0.8999999999999999,1,1,0.651,LeftResponse,correct
203,3,Blank,-0.0,8.0,-1.5,1,0,1.062,RightResponse,incorrect
204,3,Step,-0.0,8.0,-0.2999999999999998,0,0,0.695,LeftResponse,correct
205,3,Change,0.0,-8.0,1.5000000000000004,0,0,0.687,RightResponse,correct
206,3,Change,0.0,-6.0,1.5000000000000004,1,0,1.154,RightResponse,correct
207,3,Step,-0.0,6.0,-0.8999999999999999,0,1,0.655,LeftResponse,correct
208,3,Blank,-0.0,8.0,1.5000000000000004,0,0,0.711,RightResponse,correct
209,3,Step,-0.0,8.0,0.9000000000000004,1,0,1.308,LeftResponse,incorrect
210,3,Step,0.0,-8.0,1.5000000000000004,1,1,0.701,LeftResponse,incorrect
211,3,Blank,-0.0,6.0,-0.5999999999999999,0,1,0.733,LeftResponse,correct
212,3,Step,-0.0,6.0,-0.8999999999999999,1,0,0.576,LeftResponse,correct
213,3,Change,-0.0,8.0,-0.2999999999999998,1,1,1.132,RightResponse,incorrect
214,3,Blank,0.0,-6.0,1.2000000000000002,0,1,0.727,RightResponse,correct
215,3,Blank,0.0,-6.0,1.5000000000000004,1,1,0.979,RightResponse,correct
216,3,Change,-0.0,8.0,-1.5,1,0,1.28,LeftResponse,correct
217,3,Step,0.0,-8.0,-1.2,0,1,1.232,LeftResponse,correct
218,3,Blank,-0.0,6.0,-0.5999999999999999,0,0,0.77,RightResponse,incorrect
219,3,Step,0.0,-8.0,1.5000000000000004,0,0,1.454,RightResponse,correct
220,3,Blank,-0.0,8.0,-0.8999999999999999,1,0,1.464,LeftResponse,correct
221,3,Blank,0.0,-8.0,-0.8999999999999999,1,1,0.703,LeftResponse,correct
222,3,Step,0.0,-6.0,0.6000000000000005,0,1,1.376,RightResponse,correct
223,3,Change,0.0,-8.0,0.9000000000000004,1,0,0.726,RightResponse,correct
224,3,Step,0.0,-8.0,-1.5,0,1,0.887,LeftResponse,correct
225,3,Change,-0.0,8.0,-0.5999999999999999,1,1,0.975,RightResponse,incorrect
226,3,Step,-0.0,6.0,2.220446049250313e-16,1,0,0.979,LeftResponse,incorrect
227,3,Blank,-0.0,8.0,-0.2999999999999998,1,1,0.727,LeftResponse,correct
228,3,Blank,0.0,-6.0,0.30000000000000027,1,1,0.627,RightResponse,correct
229,3,Step,0.0,-6.0,-0.5999999999999999,1,0,0.519,RightResponse,incorrect
230,3,Blank,-0.0,8.0,1.2000000000000002,0,1,0.964,RightResponse,correct
231,3,Change,0.0,-6.0,-1.5,1,0,0.666,LeftResponse,correct
232,3,Step,0.0,-6.0,-1.2,0,0,1.205,LeftResponse,correct
233,3,Step,-0.0,8.0,-1.5,0,1,0.546,RightResponse,incorrect
234,3,Blank,-0.0,8.0,-0.5999999999999999,1,1,1.35,LeftResponse,correct
235,3,Change,0.0,-6.0,-0.8999999999999999,0,1,1.323,RightResponse,incorrect
236,3,Step,0.0,-8.0,0.9000000000000004,1,1,0.785,RightResponse,correct
237,3,Change,-0.0,6.0,0.9000000000000004,1,1,1.007,RightResponse,correct
238,3,Blank,-0.0,6.0,0.6000000000000005,0,1,1.371,LeftResponse,incorrect
239,3,Blank,0.0,-8.0,0.9000000000000004,0,0,1.052,RightResponse,correct
240,3,Step,-0.0,8.0,0.6000000000000005,0,1,1.288,LeftResponse,incorrect
241,3,Change,0.0,-6.0,1.5000000000000004,1,1,0.884,RightResponse,correct
242,3,Blank,0.0,-6.0,0.30000000000000027,1,0,0.521,RightResponse,correct
243,3,Change,-0.0,6.0,2.220446049250313e-16,1,1,1.149,LeftResponse,incorrect
244,3,Change,-0.0,6.0,-1.2,0,1,1.145,LeftResponse,correct
245,3,Blank,-0.0,6.0,0.9000000000000004,1,0,1.14,RightResponse,correct
246,3,Change,-0.0,8.0,0.9000000000000004,1,1,0.82,RightResponse,correct
247,3,Blank,0.0,-6.0,0.6000000000000005,0,0,1.106,RightResponse,correct
248,3,Step,0.0,-6.0,-0.5999999999999999,0,0,1.376,RightResponse,incorrect
249,3,Blank,0.0,-8.0,0.30000000000000027,1,1,1.13,RightResponse,correct
250,3,Blank,-0.0,8.0,-0.2999999999999998,0,0,0.614,LeftResponse,correct
251,3,Blank,0.0,-8.0,1.2000000000000002,0,0,0.539,RightResponse,correct
252,3,Change,0.0,-8.0,-0.2999999999999998,1,1,0.655,LeftResponse,correct
253,3,Step,0.0,-6.0,-0.2999999999999998,0,1,0.795,LeftResponse,correct
254,3,Change,0.0,-6.0,-0.8999999999999999,1,0,0.548,LeftResponse,correct
255,3,Step,-0.0,8.0,-0.5999999999999999,0,1,0.662,RightResponse,incorrect
256,3,Change,0.0,-6.0,1.5000000000000004,0,1,1.127,RightResponse,correct
257,3,Blank,0.0,-6.0,-0.2999999999999998,0,1,0.628,RightResponse,incorrect
258,3,Step,-0.0,6.0,-1.2,0,1,1.482,LeftResponse,correct
259,3,Step,0.0,-6.0,-0.8999999999999999,0,1,1.288,LeftResponse,correct
260,3,Step,-0.0,6.0,1.5000000000000004,0,0,0.761,LeftResponse,incorrect
261,3,Step,-0.0,8.0,-0.2999999999999998,1,0,0.58,RightResponse,incorrect
262,3,Step,0.0,-6.0,-0.2999999999999998,1,1,1.456,RightResponse,incorrect
263,3,Step,-0.0,8.0,1.2000000000000002,1,0,1.437,RightResponse,correct
264,4,Blank,-0.0,6.0,-1.5,0,1,1.094,RightResponse,incorrect
265,4,Step,-0.0,8.0,-0.5999999999999999,0,0,1.283,LeftResponse,correct
266,4,Blank,0.0,-6.0,0.9000000000000004,1,1,0.664,RightResponse,correct
267,4,Blank,-0.0,6.0,-0.2999999999999998,1,0,0.618,LeftResponse,correct
268,4,Blank,0.0,-6.0,-1.2,0,1,0.773,LeftResponse,correct
269,4,Blank,-0.0,8.0,1.2000000000000002,0,0,0.678,RightResponse,correct
270,4,Blank,-0.0,6.0,2.220446049250313e-16,0,0,1.224,LeftResponse,incorrect
271,4,Step,-0.0,8.0,-0.5999999999999999,1,0,1.248,RightResponse,incorrect
272,4,Step,0.0,-6.0,2.220446049250313e-16,0,1,0.792,RightResponse,correct
273,4,Change,0.0,-8.0,1.5000000000000004,1,1,0.714,RightResponse,correct
274,4,Step,0.0,-6.0,-0.5999999999999999,0,1,0.733,RightResponse,incorrect
275,4,Step,0.0,-8.0,-1.2,0,0,1.215,LeftResponse,correct
276,4,Change,-0.0,8.0,0.9000000000000004,1,0,0.863,RightResponse,correct
277,4,Blank,-0.0,6.0,1.2000000000000002,1,0,1.473,RightResponse,correct
278,4,Step,-0.0,8.0,-1.2,1,0,1.4,RightResponse,incorrect
279,4,Change,0.0,-6.0,-1.2,1,1,1.245,LeftResponse,correct
280,4,Change,0.0,-8.0,1.2000000000000002,1,0,1.266,RightResponse,correct
281,4,Blank,0.0,-6.0,-1.5,1,0,1.023,LeftResponse,correct
282,4,Blank,0.0,-6.0,1.2000000000000002,1,0,1.197,RightResponse,correct
283,4,Step,0.0,-8.0,-1.2,1,1,0.855,LeftResponse,correct
284,4,Change,0.0,-6.0,0.6000000000000005,0,0,1.032,RightResponse,correct
285,4,Step,0.0,-6.0,-0.2999999999999998,0,0,1.022,RightResponse,incorrect
286,4,Step,-0.0,6.0,0.30000000000000027,0,0,1.152,RightResponse,correct
287,4,Blank,-0.0,6.0,2.220446049250313e-16,1,0,0.985,LeftResponse,incorrect
288,4,Change,0.0,-8.0,2.220446049250313e-16,0,1,0.945,RightResponse,correct
289,4,Blank,0.0,-8.0,-0.8999999999999999,0,1,1.04,LeftResponse,correct
290,4,Change,-0.0,8.0,1.5000000000000004,1,1,0.61,RightResponse,correct
291,4,Blank,0.0,-8.0,-1.5,0,1,0.556,LeftResponse,correct
292,4,Step,0.0,-6.0,-1.2,1,1,1.133,LeftResponse,correct
293,4,Step,-0.0,6.0,-1.5,1,1,0.843,LeftResponse,correct
294,4,Blank,-0.0,8.0,0.6000000000000005,1,1,1.08,RightResponse,correct
295,4,Blank,0.0,-6.0,1.5000000000000004,1,0,0.945,RightResponse,correct
296,4,Change,0.0,-8.0,-1.2,1,1,1.35,LeftResponse,correct
297,4,Blank,-0.0,8.0,-1.2,1,0,1.379,LeftResponse,correct
298,4,Blank,-0.0,8.0,-1.5,1,1,0.946,LeftResponse,correct
299,4,Change,-0.0,6.0,1.2000000000000002,1,1,0.563,RightResponse,correct
300,4,Blank,-0.0,8.0,-0.8999999999999999,1,1,1.37,LeftResponse,correct
301,4,Blank,-0.0,8.0,2.220446049250313e-16,1,1,1.226,LeftResponse,incorrect
302,4,Step,0.0,-8.0,0.30000000000000027,1,1,0.935,RightResponse,correct
303,4,Blank,-0.0,8.0,-0.8999999999999999,0,1,1.057,LeftResponse,correct
304,4,Blank,0.0,-8.0,2.220446049250313e-16,1,1,1.158,RightResponse,correct
305,4,Change,-0.0,6.0,-0.5999999999999999,0,1,1.071,LeftResponse,correct
306,4,Step,-0.0,6.0,-1.5,0,0,1.407,LeftResponse,correct
307,4,Blank,-0.0,6.0,-1.2,0,0,0.968,LeftResponse,correct
308,4,Step,0.0,-8.0,-0.2999999999999998,0,1,1.479,RightResponse,incorrect
309,4,Blank,-0.0,6.0,1.5000000000000004,1,1,1.139,RightResponse,correct
310,4,Blank,0.0,-6.0,0.30000000000000027,0,1,1.337,RightResponse,correct
311,4,Step,0.0,-6.0,-1.2,1,0,1.0,LeftResponse,correct
312,4,Change,-0.0,6.0,-1.2,0,0,0.742,RightResponse,incorrect
313,4,Change,-0.0,6.0,-0.8999999999999999,1,1,1.123,LeftResponse,correct
314,4,Change,-0.0,8.0,2.220446049250313e-16,1,0,1.179,LeftResponse,incorrect
315,4,Blank,-0.0,6.0,-0.2999999999999998,1,1,1.459,LeftResponse,correct
316,4,Blank,-0.0,6.0,-0.2999999999999998,0,1,0.739,LeftResponse,correct
317,4,Change,-0.0,8.0,0.30000000000000027,0,1,0.692,RightResponse,correct
318,4,Step,-0.0,6.0,0.30000000000000027,1,0,1.23,RightResponse,correct
319,4,Step,0.0,-6.0,0.30000000000000027,1,1,1.035,LeftResponse,incorrect
320,4,Blank,0.0,-6.0,-0.8999999999999999,1,1,1.403,LeftResponse,correct
321,4,Step,-0.0,8.0,1.2000000000000002,0,1,1.182,RightResponse,correct
322,4,Change,0.0,-6.0,-0.2999999999999998,0,0,0.729,LeftResponse,correct
323,4,Change,0.0,-6.0,1.2000000000000002,0,0,1.242,RightResponse,correct
324,4,Change,0.0,-6.0,0.9000000000000004,0,1,1.262,RightResponse,correct
325,4,Change,0.0,-8.0,0.30000000000000027,1,1,1.271,RightResponse,correct
326,4,Step,-0.0,6.0,-1.5,0,1,1.409,LeftResponse,correct
327,4,Blank,0.0,-8.0,2.220446049250313e-16,0,0,0.993,RightResponse,correct
328,4,Change,-0.0,6.0,-0.5999999999999999,0,0,0.682,LeftResponse,correct
329,4,Blank,0.0,-8.0,-0.5999999999999999,1,0,1.028,LeftResponse,correct
330,5,Step,-0.0,8.0,0.30000000000000027,0,0,0.698,LeftResponse,incorrect
331,5,Change,-0.0,6.0,1.2000000000000002,0,1,1.133,RightResponse,correct
332,5,Step,0.0,-8.0,-0.5999999999999999,1,0,1.472,RightResponse,incorrect
333,5,Step,0.0,-6.0,-1.5,1,0,1.497,LeftResponse,correct
334,5,Change,0.0,-6.0,-0.5999999999999999,0,1,0.65,LeftResponse,correct
335,5,Blank,0.0,-8.0,2.220446049250313e-16,0,1,0.529,RightResponse,correct
336,5,Step,-0.0,8.0,0.6000000000000005,0,0,1.387,RightResponse,correct
337,5,Step,0.0,-8.0,0.6000000000000005,0,1,0.95,LeftResponse,incorrect
338,5,Blank,0.0,-6.0,0.6000000000000005,1,1,1.448,RightResponse,correct
339,5,Change,-0.0,8.0,2.220446049250313e-16,1,1,0.579,LeftResponse,incorrect
340,5,Step,0.0,-8.0,-1.5,0,0,0.693,LeftResponse,correct
341,5,Change,0.0,-8.0,-0.8999999999999999,0,1,0.799,LeftResponse,correct
342,5,Step,0.0,-8.0,0.30000000000000027,0,0,1.063,RightResponse,correct
343,5,Change,-0.0,6.0,0.6000000000000005,0,1,0.592,LeftResponse,incorrect
344,5,Blank,-0.0,6.0,1.5000000000000004,0,0,1.105,RightResponse,correct
345,5,Step,0.0,-8.0,-0.5999999999999999,0,1,1.455,RightResponse,incorrect
346,5,Blank,-0.0,6.0,-1.5,1,1,1.28,LeftResponse,correct
347,5,Change,-0.0,8.0,0.6000000000000005,0,1,0.957,RightResponse,correct
348,5,Change,-0.0,6.0,-1.5,0,1,1.224,LeftResponse,correct
349,5,Change,0.0,-6.0,0.9000000000000004,1,0,1.319,RightResponse,correct
350,5,Blank,0.0,-6.0,0.9000000000000004,0,0,0.807,RightResponse,correct
351,5,Change,-0.0,6.0,0.9000000000000004,1,0,1.243,RightResponse,correct
352,5,Blank,-0.0,6.0,2.220446049250313e-16,0,1,1.204,LeftResponse,incorrect
353,5,Change,-0.0,6.0,-0.5999999999999999,1,0,1.352,RightResponse,incorrect
354,5,Blank,-0.0,6.0,-0.8999999999999999,0,0,0.826,RightResponse,incorrect
355,5,Change,0.0,-8.0,-1.5,0,1,1.043,LeftResponse,correct
356,5,Step,0.0,-6.0,-0.5999999999999999,1,1,0.997,LeftResponse,correct
357,5,Step,-0.0,6.0,1.2000000000000002,0,0,1.165,RightResponse,correct
358,5,Change,0.0,-6.0,0.30000000000000027,1,1,1.158,RightResponse,correct
359,5,Change,0.0,-6.0,-1.2,0,1,0.835,LeftResponse,correct
360,5,Step,-0.0,8.0,2.220446049250313e-16,0,1,1.452,LeftResponse,incorrect
361,5,Step,0.0,-6.0,0.6000000000000005,1,1,1.428,RightResponse,correct
362,5,Blank,0.0,-8.0,-0.5999999999999999,0,0,1.13,LeftResponse,correct
363,5,Change,0.0,-6.0,-0.2999999999999998,1,0,1.347,RightResponse,incorrect
364,5,Blank,-0.0,6.0,-0.5999999999999999,1,1,1.453,LeftResponse,correct
365,5,Step,0.0,-6.0,0.6000000000000005,0,0,1.343,RightResponse,correct
366,5,Step,-0.0,6.0,1.5000000000000004,1,1,1.09,LeftResponse,incorrect
367,5,Change,0.0,-8.0,-0.8999999999999999,1,0,1.462,LeftResponse,correct
368,5,Change,0.0,-8.0,0.9000000000000004,0,0,1.331,RightResponse,correct
369,5,Blank,0.0,-6.0,0.30000000000000027,0,0,0.522,RightResponse,correct
370,5,Blank,-0.0,8.0,1.2000000000000002,1,0,0.641,RightResponse,correct
371,5,Change,-0.0,6.0,2.220446049250313e-16,1,0,1.483,LeftResponse,incorrect
372,5,Blank,-0.0,8.0,1.5000000000000004,1,0,1.441,RightResponse,correct
373,5,Step,-0.0,6.0,0.9000000000000004,0,0,0.573,RightResponse,correct
374,5,Step,-0.0,8.0,0.30000000000000027,0,1,0.82,RightResponse,correct
375,5,Change,-0.0,8.0,-1.5,0,0,1.184,LeftResponse,correct
376,5,Step,-0.0,8.0,-0.8999999999999999,0,1,1.318,LeftResponse,correct
377,5,Change,0.0,-6.0,-1.5,0,1,1.433,LeftResponse,correct
378,5,Step,0.0,-8.0,-0.8999999999999999,0,1,1.255,RightResponse,incorrect
379,5,Change,-0.0,8.0,-0.2999999999999998,1,0,1.297,LeftResponse,correct
380,5,Change,-0.0,8.0,-1.2,0,0,1.216,LeftResponse,correct
381,5,Step,0.0,-8.0,0.9000000000000004,0,0,1.442,LeftResponse,incorrect
382,5,Change,0.0,-6.0,-1.2,1,0,0.615,LeftResponse,correct
383,5,Change,-0.0,6.0,-0.8999999999999999,0,1,1.434,LeftResponse,correct
384,5,Blank,-0.0,8.0,2.220446049250313e-16,0,1,0.694,RightResponse,correct
385,5,Step,-0.0,8.0,1.2000000000000002,1,1,1.249,RightResponse,correct
386,5,Step,-0.0,8.0,-0.2999999999999998,1,1,1.1,RightResponse,incorrect
387,5,Step,-0.0,8.0,2.220446049250313e-16,1,0,0.937,LeftResponse,incorrect
388,5,Blank,0.0,-8.0,-0.5999999999999999,1,1,0.769,LeftResponse,correct
389,5,Change,-0.0,8.0,-0.2999999999999998,0,1,1.345,RightResponse,incorrect
390,5,Change,-0.0,8.0,-1.2,1,1,1.268,RightResponse,incorrect
391,5,Step,-0.0,6.0,0.6000000000000005,1,0,0.832,RightResponse,correct
392,5,Step,0.0,-6.0,-1.5,1,1,0.954,LeftResponse,correct
393,5,Step,0.0,-6.0,1.5000000000000004,1,1,1.409,RightResponse,correct
394,5,Change,-0.0,6.0,1.5000000000000004,1,1,1.457,RightResponse,correct
395,5,Blank,0.0,-6.0,-1.2,0,0,1.03,LeftResponse,correct
396,6,Change,-0.0,6.0,-1.2,1,1,0.572,LeftResponse,correct
397,6,Step,0.0,-6.0,-1.5,0,0,0.749,LeftResponse,correct
398,6,Change,-0.0,8.0,1.5000000000000004,1,0,0.608,RightResponse,correct
399,6,Blank,-0.0,6.0,1.2000000000000002,0,0,0.999,RightResponse,correct
400,6,Change,0.0,-8.0,-0.8999999999999999,0,0,0.505,RightResponse,incorrect
401,6,Step,0.0,-6.0,-0.2999999999999998,1,0,1.051,LeftResponse,correct
402,6,Step,0.0,-8.0,-0.5999999999999999,1,1,1.041,LeftResponse,correct
403,6,Change,0.0,-8.0,2.220446049250313e-16,1,0,0.956,RightResponse,correct
404,6,Step,-0.0,8.0,0.9000000000000004,0,0,0.912,RightResponse,correct
405,6,Change,-0.0,6.0,0.30000000000000027,0,1,1.406,LeftResponse,incorrect
406,6,Step,0.0,-8.0,2.220446049250313e-16,0,1,0.708,LeftResponse,incorrect
407,6,Step,0.0,-6.0,0.30000000000000027,1,0,0.863,RightResponse,correct
408,6,Blank,-0.0,6.0,0.9000000000000004,0,1,0.89,LeftResponse,incorrect
409,6,Step,0.0,-6.0,0.9000000000000004,1,1,1.458,RightResponse,correct
410,6,Blank,-0.0,6.0,0.30000000000000027,0,1,1.07,RightResponse,correct
411,6,Change,0.0,-8.0,2.220446049250313e-16,0,0,0.713,RightResponse,correct
412,6,Change,0.0,-6.0,0.9000000000000004,0,0,0.576,LeftResponse,incorrect
413,6,Blank,-0.0,8.0,-1.5,0,1,1.141,LeftResponse,correct
414,6,Blank,-0.0,6.0,2.220446049250313e-16,1,1,0.869,LeftResponse,incorrect
415,6,Change,0.0,-8.0,-0.5999999999999999,0,1,1.185,LeftResponse,correct
416,6,Blank,-0.0,8.0,-1.2,0,0,0.664,LeftResponse,correct
417,6,Step,0.0,-6.0,0.30000000000000027,0,1,1.116,RightResponse,correct
418,6,Change,-0.0,6.0,1.2000000000000002,0,0,1.238,RightResponse,correct
419,6,Change,0.0,-6.0,0.30000000000000027,1,0,1.449,RightResponse,correct
420,6,Step,-0.0,8.0,-0.5999999999999999,1,1,0.708,LeftResponse,correct
421,6,Change,-0.0,8.0,-0.8999999999999999,1,1,0.921,LeftResponse,correct
422,6,Step,0.0,-6.0,2.220446049250313e-16,0,0,0.517,RightResponse,correct
423,6,Blank,0.0,-6.0,-1.2,1,0,1.274,LeftResponse,correct
424,6,Step,0.0,-8.0,0.6000000000000005,0,0,0.66,LeftResponse,incorrect
425,6,Blank,0.0,-8.0,1.2000000000000002,1,1,1.086,LeftResponse,incorrect
426,6,Step,0.0,-8.0,2.220446049250313e-16,1,1,0.505,LeftResponse,incorrect
427,6,Change,0.0,-8.0,0.6000000000000005,0,1,1.436,RightResponse,correct
428,6,Blank,0.0,-6.0,-0.2999999999999998,0,0,0.659,LeftResponse,correct
429,6,Blank,-0.0,8.0,0.6000000000000005,0,0,1.14,RightResponse,correct
430,6,Blank,-0.0,6.0,-1.5,0,0,0.665,LeftResponse,correct
431,6,Change,-0.0,8.0,0.30000000000000027,1,1,1.258,RightResponse,correct
432,6,Change,-0.0,6.0,0.6000000000000005,1,1,0.602,RightResponse,correct
433,6,Step,-0.0,8.0,-1.5,0,0,0.771,LeftResponse,correct
434,6,Step,0.0,-8.0,2.220446049250313e-16,0,0,0.748,RightResponse,correct
435,6,Step,0.0,-6.0,0.9000000000000004,1,0,1.3,RightResponse,correct
436,6,Change,-0.0,6.0,-1.5,0,0,0.994,LeftResponse,correct
437,6,Change,-0.0,8.0,-1.5,1,1,0.772,LeftResponse,correct
438,6,Blank,0.0,-6.0,2.220446049250313e-16,0,0,1.269,RightResponse,correct
439,6,Change,0.0,-8.0,-0.8999999999999999,1,1,1.39,RightResponse,incorrect
440,6,Blank,-0.0,6.0,-0.5999999999999999,1,0,0.879,LeftResponse,correct
441,6,Blank,0.0,-8.0,0.30000000000000027,0,0,0.883,RightResponse,correct
442,6,Change,0.0,-6.0,0.6000000000000005,0,1,0.949,RightResponse,correct
443,6,Step,-0.0,6.0,0.6000000000000005,1,1,0.941,LeftResponse,incorrect
444,6,Blank,0.0,-8.0,-1.2,1,0,0.848,LeftResponse,correct
445,6,Change,-0.0,6.0,-1.2,1,0,1.422,RightResponse,incorrect
446,6,Step,-0.0,6.0,-0.5999999999999999,0,0,0.775,RightResponse,incorrect
447,6,Change,0.0,-8.0,0.9000000000000004,0,1,1.086,RightResponse,correct
448,6,Step,0.0,-6.0,1.5000000000000004,0,1,1.094,RightResponse,correct
449,6,Change,-0.0,6.0,0.6000000000000005,0,0,0.85,LeftResponse,incorrect
450,6,Blank,0.0,-6.0,0.9000000000000004,1,0,0.621,RightResponse,correct
451,6,Change,-0.0,6.0,-1.5,1,1,0.861,LeftResponse,correct
452,6,Step,0.0,-6.0,2.220446049250313e-16,1,1,0.751,LeftResponse,incorrect
453,6,Step,-0.0,6.0,0.30000000000000027,0,1,1.354,RightResponse,correct
454,6,Step,0.0,-6.0,1.2000000000000002,0,1,0.874,RightResponse,correct
455,6,Blank,0.0,-8.0,-0.2999999999999998,1,1,1.341,RightResponse,incorrect
456,6,Step,0.0,-8.0,-0.2999999999999998,1,0,1.498,RightResponse,incorrect
457,6,Blank,-0.0,8.0,0.9000000000000004,0,0,0.96,RightResponse,correct
458,6,Change,-0.0,8.0,-1.2,0,1,0.635,LeftResponse,correct
459,6,Step,0.0,-6.0,-1.2,0,1,0.956,LeftResponse,correct
460,6,Change,-0.0,6.0,1.5000000000000004,0,0,1.442,LeftResponse,incorrect
461,6,Step,0.0,-6.0,-0.8999999999999999,0,0,1.241,RightResponse,incorrect
462,7,Step,0.0,-6.0,-0.8999999999999999,1,1,0.721,LeftResponse,correct
463,7,Blank,-0.0,8.0,-1.5,0,0,1.229,LeftResponse,correct
464,7,Change,0.0,-8.0,0.9000000000000004,1,1,1.243,RightResponse,correct
465,7,Change,-0.0,8.0,-0.2999999999999998,0,0,0.893,RightResponse,incorrect
466,7,Change,-0.0,8.0,1.2000000000000002,0,1,0.628,LeftResponse,incorrect
467,7,Blank,-0.0,8.0,-0.5999999999999999,0,0,1.231,LeftResponse,correct
468,7,Change,0.0,-8.0,0.6000000000000005,1,0,1.495,RightResponse,correct
469,7,Change,0.0,-6.0,-0.5999999999999999,0,0,1.306,RightResponse,incorrect
470,7,Step,-0.0,6.0,-0.2999999999999998,0,0,0.533,RightResponse,incorrect
471,7,Blank,-0.0,6.0,0.6000000000000005,1,0,1.288,RightResponse,correct
472,7,Step,0.0,-6.0,2.220446049250313e-16,1,0,1.028,RightResponse,correct
473,7,Blank,-0.0,6.0,1.2000000000000002,0,1,1.005,RightResponse,correct
474,7,Change,0.0,-8.0,-1.2,1,0,0.947,LeftResponse,correct
475,7,Change,-0.0,6.0,0.9000000000000004,0,1,0.786,RightResponse,correct
476,7,Blank,0.0,-8.0,0.6000000000000005,1,0,0.672,RightResponse,correct
477,7,Change,0.0,-6.0,0.30000000000000027,0,0,0.508,RightResponse,correct
478,7,Step,-0.0,8.0,1.5000000000000004,1,1,1.212,LeftResponse,incorrect
479,7,Step,0.0,-6.0,0.9000000000000004,0,1,0.964,RightResponse,correct
480,7,Blank,0.0,-6.0,0.6000000000000005,0,1,1.346,RightResponse,correct
481,7,Change,0.0,-8.0,1.2000000000000002,1,1,0.892,RightResponse,correct
482,7,Step,-0.0,8.0,-1.2,0,1,1.122,LeftResponse,correct
483,7,Blank,0.0,-8.0,0.6000000000000005,1,1,0.844,RightResponse,correct
484,7,Change,0.0,-8.0,-1.2,0,0,0.927,RightResponse,incorrect
485,7,Blank,-0.0,6.0,0.6000000000000005,0,0,0.897,RightResponse,correct
486,7,Change,-0.0,6.0,1.2000000000000002,1,0,1.358,RightResponse,correct
487,7,Change,-0.0,8.0,0.9000000000000004,0,0,0.981,RightResponse,correct
488,7,Blank,0.0,-6.0,-0.8999999999999999,1,0,0.707,LeftResponse,correct
489,7,Change,-0.0,8.0,0.9000000000000004,0,1,1.231,RightResponse,correct
490,7,Step,-0.0,6.0,1.2000000000000002,0,1,0.62,RightResponse,correct
491,7,Change,-0.0,8.0,-1.2,1,0,1.199,LeftResponse,correct
492,7,Change,0.0,-6.0,-0.5999999999999999,1,1,0.959,RightResponse,incorrect
493,7,Change,-0.0,8.0,0.6000000000000005,0,0,0.537,RightResponse,correct
494,7,Blank,-0.0,8.0,-1.2,0,1,0.519,LeftResponse,correct
495,7,Step,0.0,-8.0,0.30000000000000027,0,1,1.197,RightResponse,correct
496,7,Change,0.0,-8.0,-1.5,0,0,0.764,RightResponse,incorrect
497,7,Step,-0.0,8.0,1.2000000000000002,0,0,0.656,LeftResponse,incorrect
498,7,Step,0.0,-6.0,-1.5,0,1,1.257,LeftResponse,correct
499,7,Blank,0.0,-8.0,1.5000000000000004,1,0,0.894,RightResponse,correct
500,7,Step,-0.0,6.0,-0.2999999999999998,1,0,0.757,RightResponse,incorrect
501,7,Step,0.0,-8.0,-0.8999999999999999,0,0,1.431,LeftResponse,correct
502,7,Step,-0.0,8.0,2.220446049250313e-16,0,0,1.466,RightResponse,correct
503,7,Step,-0.0,6.0,0.9000000000000004,1,1,1.449,RightResponse,correct
504,7,Change,0.0,-8.0,-1.2,0,1,0.649,LeftResponse,correct
505,7,Step,-0.0,6.0,-1.5,1,0,0.532,RightResponse,incorrect
506,7,Change,-0.0,8.0,-0.5999999999999999,0,1,1.029,RightResponse,incorrect
507,7,Blank,0.0,-8.0,-1.2,0,1,0.678,LeftResponse,correct
508,7,Step,-0.0,6.0,-0.5999999999999999,1,1,0.523,RightResponse,incorrect
509,7,Step,-0.0,8.0,-0.8999999999999999,1,1,0.831,LeftResponse,correct
510,7,Step,-0.0,8.0,1.5000000000000004,0,0,0.933,LeftResponse,incorrect
511,7,Change,0.0,-6.0,0.6000000000000005,1,1,0.838,RightResponse,correct
512,7,Change,-0.0,6.0,1.5000000000000004,0,1,1.412,RightResponse,correct
513,7,Change,0.0,-6.0,2.220446049250313e-16,0,0,1.45,RightResponse,correct
514,7,Blank,0.0,-8.0,-0.8999999999999999,0,0,1.353,LeftResponse,correct
515,7,Blank,0.0,-8.0,0.6000000000000005,0,1,1.48,RightResponse,correct
516,7,Blank,-0.0,8.0,0.30000000000000027,0,0,0.824,RightResponse,correct
517,7,Blank,-0.0,6.0,-0.2999999999999998,0,0,0.687,RightResponse,incorrect
518,7,Blank,-0.0,8.0,2.220446049250313e-16,1,0,1.289,RightResponse,correct
519,7,Step,-0.0,8.0,0.30000000000000027,1,0,1.175,RightResponse,correct
520,7,Step,-0.0,8.0,-0.2999999999999998,0,1,1.187,LeftResponse,correct
521,7,Blank,0.0,-6.0,-1.5,0,0,1.498,LeftResponse,correct
522,7,Change,-0.0,8.0,0.6000000000000005,1,0,1.212,RightResponse,correct
523,7,Blank,-0.0,6.0,1.5000000000000004,1,0,1.075,RightResponse,correct
524,7,Blank,-0.0,8.0,0.9000000000000004,0,1,1.094,RightResponse,correct
525,7,Blank,0.0,-6.0,-0.2999999999999998,1,1,0.823,RightResponse,incorrect
526,7,Blank,-0.0,6.0,1.2000000000000002,1,1,1.208,RightResponse,correct
527,7,Change,0.0,-8.0,1.5000000000000004,1,0,1.18,RightResponse,correct
