,blockID,trialNumber,triggerName,timestamp_sys,timestamp_psyc,triggerSent_Serial00
0,pract,-1,StartPractice,1765530839.4862454,297.0098965167999,False
1,pract,0,startFixDisplay,1765530839.4963472,297.0200004577637,False
2,pract,0,startFixPeriod,1765530839.746282,297.26993465423584,False
3,pract,0,TargetPresentation,1765530841.2382247,298.7618782520294,False
4,pract,0,TargetDisplacement,1765530841.251896,298.77554726600647,True
5,pract,0,FeedbackPeriodStarted,1765530843.271266,300.7949204444885,False
6,pract,1,startFixDisplay,1765530843.777716,301.30136704444885,False
7,pract,1,startFixPeriod,1765530844.0415778,301.56522941589355,False
8,pract,1,TargetPresentation,1765530844.6936955,302.2173466682434,False
9,pract,1,TargetDisplacement,1765530844.7008429,302.22449684143066,True
10,pract,1,LeftResponse,1765530846.0333178,303.5569689273834,False
11,pract,1,FeedbackPeriodStarted,1765530846.0398157,303.56346702575684,False
12,pract,2,startFixDisplay,1765530846.5464559,304.0701069831848,False
13,pract,2,startFixPeriod,1765530846.7268615,304.2505133152008,False
14,pract,2,TargetPresentation,1765530847.3168578,304.84051179885864,False
15,pract,2,TargetRemoval,1765530847.3236372,304.84728932380676,True
16,pract,2,TargetReappeared,1765530847.5735557,305.0972104072571,False
17,pract,2,RightResponse,1765530848.246642,305.7702932357788,False
18,pract,2,FeedbackPeriodStarted,1765530848.253573,305.77722692489624,False
19,pract,3,startFixDisplay,1765530848.7600896,306.2837436199188,False
20,pract,3,startFixPeriod,1765530851.7995327,309.3231861591339,False
21,pract,3,TargetPresentation,1765530853.256682,310.7803361415863,False
22,pract,3,TargetDisplacement,1765530853.2635806,310.78723192214966,True
23,pract,3,LeftResponse,1765530854.5268192,312.05047249794006,False
24,pract,3,FeedbackPeriodStarted,1765530854.540165,312.0638163089752,False
25,pract,4,startFixDisplay,1765530855.0466757,312.57032656669617,False
26,pract,4,startFixPeriod,1765530858.1416903,315.66534209251404,False
27,pract,4,TargetPresentation,1765530858.89806,316.4217143058777,False
28,pract,4,TargetDisplacement,1765530858.904822,316.42847323417664,True
29,pract,4,RightResponse,1765530860.522229,318.04588055610657,False
30,pract,4,FeedbackPeriodStarted,1765530860.5356407,318.05929470062256,False
31,pract,5,startFixDisplay,1765530861.0421286,318.56578278541565,False
32,pract,5,startFixPeriod,1765530861.5002267,319.02388048171997,False
33,pract,5,TargetPresentation,1765530862.7700627,320.29371643066406,False
34,pract,5,TargetDisplacement,1765530862.8463366,320.36998748779297,True
35,pract,5,LeftResponse,1765530863.568381,321.0920343399048,False
36,pract,5,FeedbackPeriodStarted,1765530863.574905,321.0985586643219,False
37,pract,6,startFixDisplay,1765530864.0814385,321.6050925254822,False
38,pract,6,startFixPeriod,1765530864.0883632,321.6120162010193,False
39,pract,6,TargetPresentation,1765530865.0599194,322.58357286453247,False
40,pract,6,TargetDisplacement,1765530865.067013,322.5906653404236,True
41,pract,6,LeftResponse,1765530865.754175,323.27782821655273,False
42,pract,6,FeedbackPeriodStarted,1765530865.7607148,323.28436851501465,False
43,pract,7,startFixDisplay,1765530866.2672412,323.79089546203613,False
44,pract,7,startFixPeriod,1765530866.4061065,323.9297580718994,False
45,pract,7,TargetPresentation,1765530867.6552358,325.1788897514343,False
46,pract,7,TargetDisplacement,1765530867.6620615,325.18571281433105,True
47,pract,7,FeedbackPeriodStarted,1765530869.6674259,327.1910774707794,False
48,pract,8,startFixDisplay,1765530870.1739326,327.69758653640747,False
49,pract,8,startFixPeriod,1765530870.18091,327.7045636177063,False
50,pract,8,TargetPresentation,1765530871.4786158,329.0022683143616,False
51,pract,8,TargetDisplacement,1765530871.4855099,329.0091757774353,True
52,pract,8,RightResponse,1765530872.3324604,329.8561112880707,False
53,pract,8,FeedbackPeriodStarted,1765530872.3390512,329.8627026081085,False
54,pract,9,startFixDisplay,1765530872.8453717,330.3690228462219,False
55,pract,9,startFixPeriod,1765530877.2380278,334.76168179512024,False
56,pract,9,TargetPresentation,1765530878.674481,336.19813323020935,False
57,pract,9,TargetDisplacement,1765530878.764577,336.28823041915894,True
58,pract,9,LeftResponse,1765530879.9376183,337.46127009391785,False
59,pract,9,FeedbackPeriodStarted,1765530879.9511192,337.4747734069824,False
60,pract,10,startFixDisplay,1765530880.4576316,337.9812853336334,False
61,pract,10,startFixPeriod,1765530880.4854846,338.0091383457184,False
62,pract,10,TargetPresentation,1765530881.0404923,338.5641436576843,False
63,pract,10,TargetDisplacement,1765530881.0475426,338.5711967945099,True
64,pract,10,RightResponse,1765530881.9708278,339.4944803714752,False
65,pract,10,FeedbackPeriodStarted,1765530881.977404,339.5010578632355,False
66,pract,11,startFixDisplay,1765530882.4838092,340.00746273994446,False
67,pract,11,startFixPeriod,1765530882.685184,340.2088372707367,False
68,pract,11,TargetPresentation,1765530884.1562357,341.6798894405365,False
69,pract,11,TargetRemoval,1765530884.1632671,341.6869192123413,True
70,pract,11,TargetReappeared,1765530884.4129393,341.9365932941437,False
71,pract,11,RightResponse,1765530885.0654993,342.58915066719055,False
72,pract,11,FeedbackPeriodStarted,1765530885.07909,342.6027433872223,False
73,pract,12,startFixDisplay,1765530885.585602,343.10925579071045,False
74,pract,12,startFixPeriod,1765530885.592502,343.116153717041,False
75,pract,12,TargetPresentation,1765530886.6681867,344.1918394565582,False
76,pract,12,TargetDisplacement,1765530886.6751983,344.1988523006439,True
77,pract,12,LeftResponse,1765530887.1750698,344.69872307777405,False
78,pract,12,FeedbackPeriodStarted,1765530887.188533,344.7121841907501,False
79,pract,13,startFixDisplay,1765530887.6950572,345.21871066093445,False
80,pract,13,startFixPeriod,1765530887.9172328,345.44088673591614,False
81,pract,13,TargetPresentation,1765530888.4793308,346.0029847621918,False
82,pract,13,TargetDisplacement,1765530888.4862874,346.0099387168884,True
83,pract,13,LeftResponse,1765530889.617593,347.14124488830566,False
84,pract,13,FeedbackPeriodStarted,1765530889.6311653,347.15481877326965,False
85,pract,-1,EndPractice,1765530890.1251833,347.6488347053528,False
86,0,0,startFixDisplay,1765530891.25495,348.77860140800476,False
87,0,0,startFixPeriod,1765530891.6643748,349.18802881240845,False
88,0,0,TargetPresentation,1765530892.5386574,350.0623095035553,False
89,0,0,TargetDisplacement,1765530892.5456398,350.0692939758301,True
90,0,0,LeftResponse,1765530893.36487,350.8885233402252,False
91,0,1,FeedbackPeriodStarted,1765530893.378208,350.90186190605164,False
92,0,1,startFixDisplay,1765530893.3783896,350.9020402431488,False
93,0,1,startFixPeriod,1765530893.5933576,351.11701011657715,False
94,0,1,TargetPresentation,1765530894.7938716,352.3175256252289,False
95,0,1,TargetDisplacement,1765530894.8008633,352.32451725006104,True
96,0,1,LeftResponse,1765530895.3909228,352.9145755767822,False
97,0,2,FeedbackPeriodStarted,1765530895.4042659,352.92791724205017,False
98,0,2,startFixDisplay,1765530895.4043307,352.92798113822937,False
99,0,2,startFixPeriod,1765530904.34199,361.8656439781189,False
100,0,2,TargetPresentation,1765530905.0914059,362.6150588989258,False
101,0,2,TargetDisplacement,1765530905.0982869,362.62194061279297,True
102,0,2,RightResponse,1765530905.8895867,363.41323828697205,False
103,0,3,FeedbackPeriodStarted,1765530905.9031794,363.4268333911896,False
104,0,3,startFixDisplay,1765530905.9033282,363.42698073387146,False
105,0,3,startFixPeriod,1765530912.772968,370.29662251472473,False
106,0,3,TargetPresentation,1765530913.7930486,371.3167028427124,False
107,0,3,TargetRemoval,1765530913.799934,371.3235876560211,True
108,0,3,TargetReappeared,1765530914.0497584,371.57341265678406,False
109,0,3,RightResponse,1765530914.5564313,372.0800824165344,False
110,0,4,FeedbackPeriodStarted,1765530914.5700786,372.09373235702515,False
111,0,4,startFixDisplay,1765530914.570217,372.0938675403595,False
112,0,4,startFixPeriod,1765530915.056039,372.5796926021576,False
113,0,4,TargetPresentation,1765530915.9233363,373.4469904899597,False
114,0,4,TargetRemoval,1765530915.930273,373.4539272785187,True
115,0,4,TargetReappeared,1765530916.180081,373.7037353515625,False
116,0,4,RightResponse,1765530917.2766972,374.80035042762756,False
117,0,5,FeedbackPeriodStarted,1765530917.2970288,374.82068061828613,False
118,0,5,startFixDisplay,1765530917.297098,374.8207485675812,False
119,0,5,startFixPeriod,1765530917.9286182,375.452271938324,False
120,0,5,TargetPresentation,1765530918.435291,375.95894408226013,False
121,0,5,TargetDisplacement,1765530918.4421656,375.96581983566284,True
122,0,5,RightResponse,1765530919.1989148,376.7225675582886,False
123,0,6,FeedbackPeriodStarted,1765530919.212326,376.7359802722931,False
124,0,6,startFixDisplay,1765530919.2124732,376.73612546920776,False
125,0,6,startFixPeriod,1765530920.5447304,378.0683844089508,False
126,0,6,TargetPresentation,1765530921.8492177,379.37286949157715,False
127,0,6,TargetDisplacement,1765530921.8561168,379.3797686100006,True
128,0,6,RightResponse,1765530922.543233,380.06688475608826,False
129,0,6,FeedbackPeriodStarted,1765530922.5569456,380.0805997848511,False
130,0,7,startFixDisplay,1765530924.5621505,382.0858016014099,False
131,0,7,startFixPeriod,1765530928.5801814,386.1038353443146,False
132,0,7,TargetPresentation,1765530929.1075008,386.6311545372009,False
133,0,7,TargetDisplacement,1765530929.1145034,386.6381583213806,True
134,0,7,RightResponse,1765530929.9058383,387.42949175834656,False
135,0,8,FeedbackPeriodStarted,1765530930.0996468,387.62329840660095,False
136,0,8,startFixDisplay,1765530930.0997155,387.6233661174774,False
137,0,8,startFixPeriod,1765530930.287218,387.8108718395233,False
138,0,8,TargetPresentation,1765530931.4945495,389.0182158946991,False
139,0,8,TargetDisplacement,1765530931.5014713,389.02512526512146,True
140,0,8,RightResponse,1765530932.2025833,389.72623562812805,False
141,0,9,FeedbackPeriodStarted,1765530932.2159727,389.7396237850189,False
142,0,9,startFixDisplay,1765530932.2160373,389.7396879196167,False
143,0,9,startFixPeriod,1765530936.2963789,393.8200330734253,False
144,0,9,TargetPresentation,1765530937.635536,395.15918827056885,False
145,0,9,TargetRemoval,1765530937.8575847,395.3812382221222,True
146,0,9,TargetReappeared,1765530938.107398,395.6310520172119,False
147,0,9,RightResponse,1765530938.419927,395.94357919692993,False
148,0,10,FeedbackPeriodStarted,1765530938.4404607,395.9641149044037,False
149,0,10,startFixDisplay,1765530938.44062,395.9642724990845,False
150,0,10,startFixPeriod,1765530938.7111213,396.23477578163147,False
151,0,10,TargetPresentation,1765530939.7311351,397.2547891139984,False
152,0,10,TargetRemoval,1765530939.7588937,397.28254795074463,True
153,0,10,TargetReappeared,1765530940.0088546,397.5325074195862,False
154,0,10,LeftResponse,1765530940.4808302,398.00448203086853,False
155,0,11,FeedbackPeriodStarted,1765530940.5011897,398.02484107017517,False
156,0,11,startFixDisplay,1765530940.501251,398.02490162849426,False
157,0,11,startFixPeriod,1765530940.6957633,398.21941781044006,False
158,0,11,TargetPresentation,1765530941.2369647,398.7606189250946,False
159,0,11,TargetRemoval,1765530941.2439508,398.76760482788086,True
160,0,11,TargetReappeared,1765530941.4937289,399.0173828601837,False
161,0,11,RightResponse,1765530942.1391733,399.66282534599304,False
162,0,12,FeedbackPeriodStarted,1765530942.1528192,399.676472902298,False
163,0,12,startFixDisplay,1765530942.1530263,399.67667984962463,False
164,0,12,startFixPeriod,1765530942.4235842,399.9472379684448,False
165,0,12,TargetPresentation,1765530943.839107,401.362761259079,False
166,0,12,TargetDisplacement,1765530943.8460443,401.3696985244751,True
167,0,12,RightResponse,1765530945.2966263,402.82027983665466,False
168,0,12,FeedbackPeriodStarted,1765530945.3031747,402.82682847976685,False
169,0,13,startFixDisplay,1765530947.3085077,404.83217668533325,False
170,0,13,startFixPeriod,1765530947.6000514,405.1237053871155,False
171,0,13,TargetPresentation,1765530948.7658107,406.28946328163147,False
172,0,13,TargetDisplacement,1765530948.946132,406.46978545188904,True
173,0,13,RightResponse,1765530949.6473737,407.17102694511414,False
174,0,14,FeedbackPeriodStarted,1765530949.6679056,407.19156098365784,False
175,0,14,startFixDisplay,1765530949.6680665,407.1917190551758,False
176,0,14,startFixPeriod,1765530952.492066,410.0157198905945,False
177,0,14,TargetPresentation,1765530953.7687483,411.2923996448517,False
178,0,14,TargetDisplacement,1765530953.775671,411.29932284355164,True
179,0,14,RightResponse,1765530954.9625673,412.4862196445465,False
180,0,15,FeedbackPeriodStarted,1765530954.9831553,412.5068094730377,False
181,0,15,startFixDisplay,1765530954.98329,412.50694251060486,False
182,0,15,startFixPeriod,1765530955.4342206,412.9578745365143,False
183,0,15,TargetPresentation,1765530956.4890063,414.01266074180603,False
184,0,15,TargetDisplacement,1765530956.496077,414.019731760025,True
185,0,15,RightResponse,1765530957.578877,415.10252928733826,False
186,0,16,FeedbackPeriodStarted,1765530957.59213,415.11578154563904,False
187,0,16,startFixDisplay,1765530957.5921938,415.11584424972534,False
188,0,16,startFixPeriod,1765530957.9323192,415.45597290992737,False
189,0,16,TargetPresentation,1765530959.2161248,416.73977875709534,False
190,0,16,TargetRemoval,1765530959.2230442,416.7466983795166,True
191,0,16,TargetReappeared,1765530959.4727685,416.996422290802,False
192,0,16,RightResponse,1765530960.1461535,417.6698069572449,False
193,0,17,FeedbackPeriodStarted,1765530960.1666157,417.6902678012848,False
194,0,17,startFixDisplay,1765530960.1667595,417.69041109085083,False
195,0,17,startFixPeriod,1765530962.9562554,420.4799098968506,False
196,0,17,TargetPresentation,1765530963.983188,421.50684213638306,False
197,0,17,TargetRemoval,1765530963.9901311,421.5137851238251,True
198,0,17,TargetReappeared,1765530964.2399478,421.76360177993774,False
199,0,17,LeftResponse,1765530964.961812,422.48546385765076,False
200,0,18,FeedbackPeriodStarted,1765530964.975244,422.498895406723,False
201,0,18,startFixDisplay,1765530964.9753075,422.4989583492279,False
202,0,18,startFixPeriod,1765530965.2530363,422.7766902446747,False
203,0,18,TargetPresentation,1765530966.474342,423.997994184494,False
204,0,18,TargetRemoval,1765530966.4813643,424.00501680374146,True
205,0,18,TargetReappeared,1765530966.7310512,424.25470542907715,False
206,0,18,RightResponse,1765530967.7858005,425.30945205688477,False
207,0,18,FeedbackPeriodStarted,1765530967.7925785,425.31622982025146,False
208,0,19,startFixDisplay,1765530969.7979891,427.3216438293457,False
209,0,19,startFixPeriod,1765530970.138168,427.6618220806122,False
210,0,19,TargetPresentation,1765530970.6724465,428.1961007118225,False
211,0,19,TargetDisplacement,1765530970.8806472,428.404301404953,True
212,0,19,RightResponse,1765530971.547105,429.0707588195801,False
213,0,20,FeedbackPeriodStarted,1765530971.567487,429.0911407470703,False
214,0,20,startFixDisplay,1765530971.5676477,429.09130024909973,False
215,0,20,startFixPeriod,1765530972.0394375,429.5630929470062,False
216,0,20,TargetPresentation,1765530972.8096077,430.3332612514496,False
217,0,20,TargetDisplacement,1765530972.816541,430.3401954174042,True
218,0,20,LeftResponse,1765530973.9753995,431.499050617218,False
219,0,21,FeedbackPeriodStarted,1765530973.9892182,431.5128722190857,False
220,0,21,startFixDisplay,1765530973.9893582,431.51301074028015,False
221,0,21,startFixPeriod,1765530974.2114286,431.7350833415985,False
222,0,21,TargetPresentation,1765530974.7387662,432.26241993904114,False
223,0,21,TargetRemoval,1765530974.9676616,432.49131536483765,True
224,0,21,TargetReappeared,1765530975.217496,432.74114871025085,False
225,0,21,RightResponse,1765530975.7520368,433.2756896018982,False
226,0,22,FeedbackPeriodStarted,1765530975.7725685,433.29622316360474,False
227,0,22,startFixDisplay,1765530975.772719,433.29637122154236,False
228,0,22,startFixPeriod,1765530976.091895,433.6155490875244,False
229,0,22,TargetPresentation,1765530977.2506807,434.77433466911316,False
230,0,22,TargetDisplacement,1765530977.257589,434.78124141693115,True
231,0,22,LeftResponse,1765530978.471976,435.9956274032593,False
232,0,23,FeedbackPeriodStarted,1765530978.4856112,436.00926303863525,False
233,0,23,startFixDisplay,1765530978.4856803,436.0093309879303,False
234,0,23,startFixPeriod,1765530978.7564712,436.28012228012085,False
235,0,23,TargetPresentation,1765530979.582311,437.10596680641174,False
236,0,23,TargetDisplacement,1765530979.7485514,437.2722022533417,True
237,0,23,RightResponse,1765530980.5539656,438.07761907577515,False
238,0,24,FeedbackPeriodStarted,1765530980.5674517,438.0911054611206,False
239,0,24,startFixDisplay,1765530980.5676088,438.09126138687134,False
240,0,24,startFixPeriod,1765530980.7548842,438.2785370349884,False
241,0,24,TargetPresentation,1765530981.6569579,439.18061113357544,False
242,0,24,TargetDisplacement,1765530981.6638637,439.1875150203705,True
243,0,24,LeftResponse,1765530982.4342937,439.957946062088,False
244,0,24,FeedbackPeriodStarted,1765530982.4409535,439.9646089076996,False
245,0,25,startFixDisplay,1765530984.4463503,441.97000551223755,False
246,0,25,startFixPeriod,1765530984.682545,442.206200838089,False
247,0,25,TargetPresentation,1765530985.993789,443.517441034317,False
248,0,25,TargetDisplacement,1765530986.0077412,443.5313951969147,True
249,0,25,LeftResponse,1765530986.6672633,444.1909167766571,False
250,0,26,FeedbackPeriodStarted,1765530986.6876254,444.21127700805664,False
251,0,26,startFixDisplay,1765530986.6876986,444.2113492488861,False
252,0,26,startFixPeriod,1765530986.923651,444.44730496406555,False
253,0,26,TargetPresentation,1765530988.165788,445.6894419193268,False
254,0,26,TargetDisplacement,1765530988.172724,445.6963756084442,True
255,0,26,RightResponse,1765530988.8600147,446.3836679458618,False
256,0,27,FeedbackPeriodStarted,1765530988.873511,446.3971788883209,False
257,0,27,startFixDisplay,1765530988.8736684,446.39732098579407,False
258,0,27,startFixPeriod,1765530989.1303656,446.65402007102966,False
259,0,27,TargetPresentation,1765530990.2475705,447.771226644516,False
260,0,27,TargetDisplacement,1765530990.4903092,448.0139625072479,True
261,0,27,LeftResponse,1765530991.1776292,448.70128059387207,False
262,0,28,FeedbackPeriodStarted,1765530991.191123,448.7147767543793,False
263,0,28,startFixDisplay,1765530991.1912699,448.7149221897125,False
264,0,28,startFixPeriod,1765530991.5313036,449.0549581050873,False
265,0,28,TargetPresentation,1765530992.3639367,449.88759088516235,False
266,0,28,TargetDisplacement,1765530992.5165355,450.0401921272278,True
267,0,28,LeftResponse,1765530993.4189692,450.9426214694977,False
268,0,29,FeedbackPeriodStarted,1765530993.4393647,450.9630181789398,False
269,0,29,startFixDisplay,1765530993.4395227,450.9631733894348,False
270,0,29,startFixPeriod,1765530993.675464,451.1991181373596,False
271,0,29,TargetPresentation,1765530994.1889122,451.71256613731384,False
272,0,29,TargetDisplacement,1765530994.2443044,451.76795768737793,True
273,0,29,RightResponse,1765530994.9525015,452.4761552810669,False
274,0,30,FeedbackPeriodStarted,1765530994.9658587,452.4895100593567,False
275,0,30,startFixDisplay,1765530994.9659238,452.48957443237305,False
276,0,30,startFixPeriod,1765530995.104985,452.6286382675171,False
277,0,30,TargetPresentation,1765530995.6946988,453.2183532714844,False
278,0,30,TargetDisplacement,1765530995.784784,453.30843782424927,True
279,0,30,RightResponse,1765530996.2638903,453.7875428199768,False
280,0,30,FeedbackPeriodStarted,1765530996.2845082,453.80815958976746,False
281,0,31,startFixDisplay,1765530998.289737,455.8133912086487,False
282,0,31,startFixPeriod,1765530998.6090846,456.1327385902405,False
283,0,31,TargetPresentation,1765530999.6777134,457.20136761665344,False
284,0,31,TargetDisplacement,1765530999.6846642,457.20831871032715,True
285,0,31,RightResponse,1765531000.3093176,457.8329699039459,False
286,0,32,FeedbackPeriodStarted,1765531000.3298965,457.85354804992676,False
287,0,32,startFixDisplay,1765531000.3299656,457.8536159992218,False
288,0,32,startFixPeriod,1765531000.5797765,458.10343074798584,False
289,0,32,TargetPresentation,1765531001.3153162,458.83896827697754,False
290,0,32,TargetDisplacement,1765531001.3222985,458.8459529876709,True
291,0,32,LeftResponse,1765531002.0094392,459.5330913066864,False
292,0,33,FeedbackPeriodStarted,1765531002.0299048,459.55355858802795,False
293,0,33,startFixDisplay,1765531002.0300467,459.5536992549896,False
294,0,33,startFixPeriod,1765531002.217439,459.7410931587219,False
295,0,33,TargetPresentation,1765531003.3415375,460.86519289016724,False
296,0,33,TargetRemoval,1765531003.348599,460.87225461006165,True
297,0,33,TargetReappeared,1765531003.5982594,461.12191343307495,False
298,0,33,RightResponse,1765531003.9038174,461.4274687767029,False
299,0,34,FeedbackPeriodStarted,1765531003.9173222,461.4409759044647,False
300,0,34,startFixDisplay,1765531003.9174654,461.4411177635193,False
301,0,34,startFixPeriod,1765531004.7432039,462.26685786247253,False
302,0,34,TargetPresentation,1765531005.270648,462.7943022251129,False
303,0,34,TargetDisplacement,1765531005.27751,462.80117440223694,True
304,0,34,LeftResponse,1765531006.061932,463.58558416366577,False
305,0,35,FeedbackPeriodStarted,1765531006.0823145,463.6059684753418,False
306,0,35,startFixDisplay,1765531006.0824578,463.60611033439636,False
307,0,35,startFixPeriod,1765531006.3531287,463.87678384780884,False
308,0,35,TargetPresentation,1765531007.5049884,465.02864384651184,False
309,0,35,TargetDisplacement,1765531007.6784036,465.20205783843994,True
310,0,35,LeftResponse,1765531008.1852999,465.7089533805847,False
311,0,36,FeedbackPeriodStarted,1765531008.1986501,465.7223014831543,False
312,0,36,startFixDisplay,1765531008.1987169,465.7223675251007,False
313,0,36,startFixPeriod,1765531008.9066763,466.43033051490784,False
314,0,36,TargetPresentation,1765531009.4339685,466.9576201438904,False
315,0,36,TargetDisplacement,1765531009.7045395,467.22819352149963,True
316,0,36,RightResponse,1765531010.3710823,467.8947341442108,False
317,0,36,FeedbackPeriodStarted,1765531010.377761,467.9014151096344,False
318,0,37,startFixDisplay,1765531012.38292,469.90657114982605,False
319,0,37,startFixPeriod,1765531013.0840197,470.6076719760895,False
320,0,37,TargetPresentation,1765531014.242739,471.7663905620575,False
321,0,37,TargetDisplacement,1765531014.2497272,471.7733814716339,True
322,0,37,RightResponse,1765531015.075803,472.5994565486908,False
323,0,38,FeedbackPeriodStarted,1765531015.0961585,472.61981296539307,False
324,0,38,startFixDisplay,1765531015.09631,472.6199629306793,False
325,0,38,startFixPeriod,1765531015.3392315,472.8628854751587,False
326,0,38,TargetPresentation,1765531015.9359522,473.4596064090729,False
327,0,38,TargetDisplacement,1765531015.949777,473.47343158721924,True
328,0,38,LeftResponse,1765531016.6232076,474.14686036109924,False
329,0,39,FeedbackPeriodStarted,1765531016.643442,474.16709327697754,False
330,0,39,startFixDisplay,1765531016.6435041,474.16715455055237,False
331,0,39,startFixPeriod,1765531016.8657634,474.38941764831543,False
332,0,39,TargetPresentation,1765531017.7470345,475.27068734169006,False
333,0,39,TargetRemoval,1765531017.7539353,475.27758717536926,True
334,0,39,TargetReappeared,1765531018.003766,475.5274200439453,False
335,0,39,LeftResponse,1765531018.5938356,476.1174874305725,False
336,0,40,FeedbackPeriodStarted,1765531018.6142468,476.137900352478,False
337,0,40,startFixDisplay,1765531018.6144505,476.13810324668884,False
338,0,40,startFixPeriod,1765531018.7531953,476.2768473625183,False
339,0,40,TargetPresentation,1765531019.9050007,477.42865204811096,False
340,0,40,TargetDisplacement,1765531019.9119034,477.43555521965027,True
341,0,40,RightResponse,1765531020.8697038,478.39335536956787,False
342,0,41,FeedbackPeriodStarted,1765531020.8832688,478.40692019462585,False
343,0,41,startFixDisplay,1765531020.8833358,478.40698647499084,False
344,0,41,startFixPeriod,1765531021.1471267,478.6707808971405,False
345,0,41,TargetPresentation,1765531021.8132267,479.3368809223175,False
346,0,41,TargetDisplacement,1765531021.8202522,479.34390592575073,True
347,0,41,LeftResponse,1765531022.5977492,480.12140107154846,False
348,0,42,FeedbackPeriodStarted,1765531022.6181633,480.14181900024414,False
349,0,42,startFixDisplay,1765531022.6183202,480.14197278022766,False
350,0,42,startFixPeriod,1765531022.8056014,480.3292541503906,False
351,0,42,TargetPresentation,1765531024.2419498,481.76560258865356,False
352,0,42,TargetRemoval,1765531024.248864,481.772518157959,True
353,0,42,TargetReappeared,1765531024.4987175,482.02237129211426,False
354,0,42,LeftResponse,1765531025.033408,482.5570616722107,False
355,0,42,FeedbackPeriodStarted,1765531025.039902,482.56355595588684,False
356,0,43,startFixDisplay,1765531027.0451813,484.5688359737396,False
357,0,43,startFixPeriod,1765531027.2882252,484.8118782043457,False
358,0,43,TargetPresentation,1765531027.9475431,485.4711992740631,False
359,0,43,TargetRemoval,1765531028.1555772,485.67923164367676,True
360,0,43,TargetReappeared,1765531028.4053206,485.9289746284485,False
361,0,43,LeftResponse,1765531029.065107,486.5887610912323,False
362,0,44,FeedbackPeriodStarted,1765531029.0852194,486.6088707447052,False
363,0,44,startFixDisplay,1765531029.0853019,486.60895228385925,False
364,0,44,startFixPeriod,1765531029.31436,486.83801555633545,False
365,0,44,TargetPresentation,1765531030.1609142,487.6845679283142,False
366,0,44,TargetDisplacement,1765531030.2649436,487.7885973453522,True
367,0,44,RightResponse,1765531030.9036446,488.4272975921631,False
368,0,45,FeedbackPeriodStarted,1765531030.9241397,488.44779109954834,False
369,0,45,startFixDisplay,1765531030.9242077,488.44785809516907,False
370,0,45,startFixPeriod,1765531031.0976734,488.62132716178894,False
371,0,45,TargetPresentation,1765531032.4508028,489.9744544029236,False
372,0,45,TargetRemoval,1765531032.4577103,489.9813621044159,True
373,0,45,TargetReappeared,1765531032.7077682,490.2314224243164,False
374,0,45,LeftResponse,1765531033.4154499,490.939101934433,False
375,0,46,FeedbackPeriodStarted,1765531033.4361458,490.95980072021484,False
376,0,46,startFixDisplay,1765531033.4362855,490.959938287735,False
377,0,46,startFixPeriod,1765531033.672152,491.1958067417145,False
378,0,46,TargetPresentation,1765531034.4424338,491.9660885334015,False
379,0,46,TargetDisplacement,1765531034.4493628,491.9730169773102,True
380,0,46,LeftResponse,1765531035.4556396,492.97929096221924,False
381,0,47,FeedbackPeriodStarted,1765531035.469171,492.9928228855133,False
382,0,47,startFixDisplay,1765531035.4692624,492.9929132461548,False
383,0,47,startFixPeriod,1765531035.691456,493.21511030197144,False
384,0,47,TargetPresentation,1765531037.1764092,494.7000632286072,False
385,0,47,TargetRemoval,1765531037.2387013,494.76235461235046,True
386,0,47,TargetReappeared,1765531037.4884994,495.0121531486511,False
387,0,47,LeftResponse,1765531038.0023582,495.52601194381714,False
388,0,48,FeedbackPeriodStarted,1765531038.015778,495.53942942619324,False
389,0,48,startFixDisplay,1765531038.0159106,495.5395622253418,False
390,0,48,startFixPeriod,1765531038.0227334,495.54638481140137,False
391,0,48,TargetPresentation,1765531039.46618,496.9898319244385,False
392,0,48,TargetRemoval,1765531039.4731824,496.99683594703674,True
393,0,48,TargetReappeared,1765531039.7228324,497.246484041214,False
394,0,48,RightResponse,1765531040.2578819,497.78153562545776,False
395,0,48,FeedbackPeriodStarted,1765531040.2640376,497.78768944740295,False
396,0,49,startFixDisplay,1765531042.2694724,499.7931263446808,False
397,0,49,startFixPeriod,1765531042.824774,500.3484287261963,False
398,0,49,TargetPresentation,1765531043.7961438,501.3197977542877,False
399,0,49,TargetRemoval,1765531043.8032625,501.32691717147827,True
400,0,49,TargetReappeared,1765531044.0530212,501.5766751766205,False
401,0,49,LeftResponse,1765531044.6777656,502.2014193534851,False
402,0,50,FeedbackPeriodStarted,1765531044.6981714,502.22182512283325,False
403,0,50,startFixDisplay,1765531044.6983175,502.22197008132935,False
404,0,50,startFixPeriod,1765531044.9203928,502.44404697418213,False
405,0,50,TargetPresentation,1765531046.0513396,503.5749936103821,False
406,0,50,TargetDisplacement,1765531046.05826,503.5819137096405,True
407,0,50,RightResponse,1765531046.7872999,504.31095266342163,False
408,0,51,FeedbackPeriodStarted,1765531046.807689,504.33134293556213,False
409,0,51,startFixDisplay,1765531046.8079095,504.33156418800354,False
410,0,51,startFixPeriod,1765531047.0019772,504.52563095092773,False
411,0,51,TargetPresentation,1765531047.5086992,505.03236508369446,False
412,0,51,TargetDisplacement,1765531047.5640056,505.08765959739685,True
413,0,51,RightResponse,1765531048.0848346,505.60848808288574,False
414,0,52,FeedbackPeriodStarted,1765531048.1052868,505.62894082069397,False
415,0,52,startFixDisplay,1765531048.10542,505.62907099723816,False
416,0,52,startFixPeriod,1765531048.1122873,505.63594150543213,False
417,0,52,TargetPresentation,1765531048.6536653,506.1773328781128,False
418,0,52,TargetDisplacement,1765531048.660602,506.18425369262695,True
419,0,52,LeftResponse,1765531049.4171097,506.9407618045807,False
420,0,53,FeedbackPeriodStarted,1765531049.437582,506.9612355232239,False
421,0,53,startFixDisplay,1765531049.437695,506.9613468647003,False
422,0,53,startFixPeriod,1765531049.8261852,507.34983921051025,False
423,0,53,TargetPresentation,1765531050.5131426,508.0367968082428,False
424,0,53,TargetRemoval,1765531050.6656604,508.18931102752686,True
425,0,53,TargetReappeared,1765531050.9157023,508.43935656547546,False
426,0,53,RightResponse,1765531051.5611076,509.0847589969635,False
427,0,54,FeedbackPeriodStarted,1765531051.5746777,509.0983293056488,False
428,0,54,startFixDisplay,1765531051.574743,509.0983934402466,False
429,0,54,startFixPeriod,1765531051.8385432,509.36219477653503,False
430,0,54,TargetPresentation,1765531053.33048,510.8541326522827,False
431,0,54,TargetDisplacement,1765531053.3373945,510.86104583740234,True
432,0,54,RightResponse,1765531054.378506,511.90215945243835,False
433,0,54,FeedbackPeriodStarted,1765531054.3850362,511.90868759155273,False
434,0,55,startFixDisplay,1765531056.390455,513.9141094684601,False
435,0,55,startFixPeriod,1765531056.3973732,513.921026468277,False
436,0,55,TargetPresentation,1765531057.0220313,514.5456850528717,False
437,0,55,TargetDisplacement,1765531057.0497124,514.5733661651611,True
438,0,55,RightResponse,1765531058.0075402,515.531192779541,False
439,0,56,FeedbackPeriodStarted,1765531058.021112,515.5447633266449,False
440,0,56,startFixDisplay,1765531058.0212336,515.5448844432831,False
441,0,56,startFixPeriod,1765531058.6319697,516.1556234359741,False
442,0,56,TargetPresentation,1765531059.8601348,517.3837885856628,False
443,0,56,TargetDisplacement,1765531059.8670154,517.3906674385071,True
444,0,56,RightResponse,1765531060.4918728,518.0155260562897,False
445,0,57,FeedbackPeriodStarted,1765531060.5054016,518.0290553569794,False
446,0,57,startFixDisplay,1765531060.5055585,518.0292115211487,False
447,0,57,startFixPeriod,1765531061.1507947,518.6744468212128,False
448,0,57,TargetPresentation,1765531062.122235,519.6458871364594,False
449,0,57,TargetRemoval,1765531062.2887974,519.8124513626099,True
450,0,57,TargetReappeared,1765531062.5386171,520.0622725486755,False
451,0,57,LeftResponse,1765531062.8997257,520.4233767986298,False
452,0,58,FeedbackPeriodStarted,1765531062.9130812,520.4367325305939,False
453,0,58,startFixDisplay,1765531062.9131455,520.4367961883545,False
454,0,58,startFixPeriod,1765531063.1214132,520.6450667381287,False
455,0,58,TargetPresentation,1765531063.8015063,521.3251614570618,False
456,0,58,TargetDisplacement,1765531063.9610293,521.4846804141998,True
457,0,58,LeftResponse,1765531064.683076,522.206728219986,False
458,0,59,FeedbackPeriodStarted,1765531064.6967869,522.2204382419586,False
459,0,59,startFixDisplay,1765531064.696851,522.2205016613007,False
460,0,59,startFixPeriod,1765531064.9189343,522.4425888061523,False
461,0,59,TargetPresentation,1765531065.994254,523.5179078578949,False
462,0,59,TargetDisplacement,1765531066.0011938,523.5248477458954,True
463,0,59,LeftResponse,1765531066.7993562,524.3230087757111,False
464,0,60,FeedbackPeriodStarted,1765531066.8199089,524.3435628414154,False
465,0,60,startFixDisplay,1765531066.820004,524.3436548709869,False
466,0,60,startFixPeriod,1765531067.0489914,524.5726456642151,False
467,0,60,TargetPresentation,1765531068.3605485,525.8842031955719,False
468,0,60,TargetRemoval,1765531068.3674529,525.891107082367,True
469,0,60,TargetReappeared,1765531068.6172216,526.1408739089966,False
470,0,60,RightResponse,1765531069.1657183,526.6893694400787,False
471,0,60,FeedbackPeriodStarted,1765531069.1724036,526.6960587501526,False
472,0,61,startFixDisplay,1765531071.1775932,528.701247215271,False
473,0,61,startFixPeriod,1765531071.2817671,528.8054208755493,False
474,0,61,TargetPresentation,1765531072.7112515,530.2349057197571,False
475,0,61,TargetDisplacement,1765531072.752763,530.2764172554016,True
476,0,61,LeftResponse,1765531073.3221178,530.8457691669464,False
477,0,62,FeedbackPeriodStarted,1765531073.3355625,530.8592143058777,False
478,0,62,startFixDisplay,1765531073.3356307,530.8592813014984,False
479,0,62,startFixPeriod,1765531073.5370214,531.0606753826141,False
480,0,62,TargetPresentation,1765531074.93181,532.4554641246796,False
481,0,62,TargetDisplacement,1765531074.9870765,532.5107278823853,True
482,0,62,RightResponse,1765531075.6606336,533.1842873096466,False
483,0,63,FeedbackPeriodStarted,1765531075.6811,533.2047517299652,False
484,0,63,startFixDisplay,1765531075.681185,533.2048361301422,False
485,0,63,startFixPeriod,1765531076.34042,533.8640742301941,False
486,0,63,TargetPresentation,1765531077.8183038,535.3419563770294,False
487,0,63,TargetDisplacement,1765531077.8252628,535.3489167690277,True
488,0,63,RightResponse,1765531078.5472338,536.0708861351013,False
489,0,64,FeedbackPeriodStarted,1765531078.5676281,536.0912792682648,False
490,0,64,startFixDisplay,1765531078.5676925,536.091343164444,False
491,0,64,startFixPeriod,1765531079.893246,537.4169011116028,False
492,0,64,TargetPresentation,1765531080.8507288,538.3743810653687,False
493,0,64,TargetRemoval,1765531080.8576703,538.3813226222992,True
494,0,64,TargetReappeared,1765531081.1075842,538.6312396526337,False
495,0,64,RightResponse,1765531081.60038,539.124032497406,False
496,0,65,FeedbackPeriodStarted,1765531081.6143215,539.1379733085632,False
497,0,65,startFixDisplay,1765531081.6143858,539.1380364894867,False
498,0,65,startFixPeriod,1765531081.8639188,539.3875732421875,False
499,0,65,TargetPresentation,1765531082.8214557,540.3451101779938,False
500,0,65,TargetRemoval,1765531082.8421886,540.3658421039581,True
501,0,65,TargetReappeared,1765531083.0921607,540.6158130168915,False
502,0,65,LeftResponse,1765531083.6822126,541.2058653831482,False
503,0,65,FeedbackPeriodStarted,1765531083.7164915,541.24014544487,False
504,1,66,startFixDisplay,1765531112.423347,569.9470002651215,False
505,1,66,startFixPeriod,1765531112.45823,569.981883764267,False
506,1,66,TargetPresentation,1765531113.7765737,571.3002283573151,False
507,1,66,TargetDisplacement,1765531113.7833855,571.3070375919342,True
508,1,66,LeftResponse,1765531114.3039978,571.8276493549347,False
509,1,67,FeedbackPeriodStarted,1765531114.3246996,571.848352432251,False
510,1,67,startFixDisplay,1765531114.3248026,571.8484537601471,False
511,1,67,startFixPeriod,1765531118.8630304,576.3866856098175,False
512,1,67,TargetPresentation,1765531119.5498533,577.0735056400299,False
513,1,67,TargetRemoval,1765531119.55686,577.080512046814,True
514,1,67,TargetReappeared,1765531119.8066454,577.33029961586,False
515,1,67,RightResponse,1765531120.4730532,577.9967062473297,False
516,1,68,FeedbackPeriodStarted,1765531120.4935715,578.0172264575958,False
517,1,68,startFixDisplay,1765531120.4937246,578.0173773765564,False
518,1,68,startFixPeriod,1765531121.069564,578.5932199954987,False
519,1,68,TargetPresentation,1765531121.569199,579.0928547382355,False
520,1,68,TargetDisplacement,1765531121.5760999,579.0997538566589,True
521,1,68,LeftResponse,1765531122.4021983,579.9258515834808,False
522,1,69,FeedbackPeriodStarted,1765531122.4226112,579.9462661743164,False
523,1,69,startFixDisplay,1765531122.4227648,579.946417093277,False
524,1,69,startFixPeriod,1765531126.148941,583.6725940704346,False
525,1,69,TargetPresentation,1765531127.4326785,584.9563329219818,False
526,1,69,TargetDisplacement,1765531127.4396186,584.9632728099823,True
527,1,69,RightResponse,1765531128.106037,585.6296894550323,False
528,1,70,FeedbackPeriodStarted,1765531128.1263556,585.6500070095062,False
529,1,70,startFixDisplay,1765531128.1264205,585.6500709056854,False
530,1,70,startFixPeriod,1765531128.5846424,586.1082963943481,False
531,1,70,TargetPresentation,1765531129.840578,587.3642325401306,False
532,1,70,TargetDisplacement,1765531129.8474677,587.371120929718,True
533,1,70,RightResponse,1765531130.520836,588.044487953186,False
534,1,71,FeedbackPeriodStarted,1765531130.534226,588.0578775405884,False
535,1,71,startFixDisplay,1765531130.5343013,588.0579516887665,False
536,1,71,startFixPeriod,1765531136.8280602,594.3517141342163,False
537,1,71,TargetPresentation,1765531137.7788253,595.3024795055389,False
538,1,71,TargetRemoval,1765531137.7857494,595.309403181076,True
539,1,71,TargetReappeared,1765531138.0354114,595.5590631961823,False
540,1,71,LeftResponse,1765531138.4522843,595.9759364128113,False
541,1,72,FeedbackPeriodStarted,1765531138.4725928,595.9962470531464,False
542,1,72,startFixDisplay,1765531138.4728024,595.9964556694031,False
543,1,72,startFixPeriod,1765531140.193586,597.7172403335571,False
544,1,72,TargetPresentation,1765531141.6853983,599.2090518474579,False
545,1,72,TargetDisplacement,1765531141.692426,599.2160782814026,True
546,1,72,RightResponse,1765531142.2757137,599.7993669509888,False
547,1,72,FeedbackPeriodStarted,1765531142.2821062,599.8057601451874,False
548,1,73,startFixDisplay,1765531144.2874644,601.8111188411713,False
549,1,73,startFixPeriod,1765531157.5829258,615.1065781116486,False
550,1,73,TargetPresentation,1765531159.0053635,616.5290155410767,False
551,1,73,TargetDisplacement,1765531159.012349,616.5360016822815,True
552,1,73,RightResponse,1765531159.873077,617.3967311382294,False
553,1,74,FeedbackPeriodStarted,1765531159.8934562,617.417108297348,False
554,1,74,startFixDisplay,1765531159.893561,617.4172120094299,False
555,1,74,startFixPeriod,1765531162.3499963,619.8736500740051,False
556,1,74,TargetPresentation,1765531163.4186223,620.9422762393951,False
557,1,74,TargetDisplacement,1765531163.4254725,620.9491238594055,True
558,1,74,RightResponse,1765531164.0157483,621.5394012928009,False
559,1,75,FeedbackPeriodStarted,1765531164.0360482,621.5597021579742,False
560,1,75,startFixDisplay,1765531164.036176,621.5598266124725,False
561,1,75,startFixPeriod,1765531166.4996214,624.0232756137848,False
562,1,75,TargetPresentation,1765531167.873472,625.3971261978149,False
563,1,75,TargetDisplacement,1765531167.88048,625.4041347503662,True
564,1,75,RightResponse,1765531168.5400188,626.0636720657349,False
565,1,76,FeedbackPeriodStarted,1765531168.560321,626.083975315094,False
566,1,76,startFixDisplay,1765531168.5604646,626.0841171741486,False
567,1,76,startFixPeriod,1765531169.2959015,626.8195552825928,False
568,1,76,TargetPresentation,1765531170.6628902,628.1865439414978,False
569,1,76,TargetRemoval,1765531170.6698189,628.1934723854065,True
570,1,76,TargetReappeared,1765531170.9196515,628.4433057308197,False
571,1,76,LeftResponse,1765531171.5238361,629.0474894046783,False
572,1,77,FeedbackPeriodStarted,1765531171.537454,629.0611052513123,False
573,1,77,startFixDisplay,1765531171.5375967,629.0612485408783,False
574,1,77,startFixPeriod,1765531176.977437,634.5010888576508,False
575,1,77,TargetPresentation,1765531177.7269793,635.2506330013275,False
576,1,77,TargetDisplacement,1765531177.7339115,635.2575657367706,True
577,1,77,RightResponse,1765531178.4141371,635.9377901554108,False
578,1,78,FeedbackPeriodStarted,1765531178.42758,635.9512314796448,False
579,1,78,startFixDisplay,1765531178.4276478,635.9512984752655,False
580,1,78,startFixPeriod,1765531180.0306284,637.5542824268341,False
581,1,78,TargetPresentation,1765531181.0576308,638.5812826156616,False
582,1,78,TargetRemoval,1765531181.0646887,638.588342666626,True
583,1,78,TargetReappeared,1765531181.3145008,638.8381552696228,False
584,1,78,RightResponse,1765531182.0294936,639.5531458854675,False
585,1,78,FeedbackPeriodStarted,1765531182.0360756,639.5597298145294,False
586,1,79,startFixDisplay,1765531184.0482337,641.5718846321106,False
587,1,79,startFixPeriod,1765531190.9666793,648.4903335571289,False
588,1,79,TargetPresentation,1765531192.2989693,649.8226215839386,False
589,1,79,TargetDisplacement,1765531192.305858,649.8295097351074,True
590,1,79,RightResponse,1765531192.9861872,650.5098404884338,False
591,1,80,FeedbackPeriodStarted,1765531193.0066242,650.5302784442902,False
592,1,80,startFixDisplay,1765531193.0067735,650.5304260253906,False
593,1,80,startFixPeriod,1765531193.5341847,651.0578393936157,False
594,1,80,TargetPresentation,1765531194.5679407,652.0915942192078,False
595,1,80,TargetRemoval,1765531194.5748723,652.0985260009766,True
596,1,80,TargetReappeared,1765531194.824724,652.3483779430389,False
597,1,80,LeftResponse,1765531195.3524308,652.8760826587677,False
598,1,81,FeedbackPeriodStarted,1765531195.3728168,652.8964710235596,False
599,1,81,startFixDisplay,1765531195.3729622,652.8966147899628,False
600,1,81,startFixPeriod,1765531198.6481075,656.1717612743378,False
601,1,81,TargetPresentation,1765531200.0289128,657.5525648593903,False
602,1,81,TargetDisplacement,1765531200.0359342,657.5595881938934,True
603,1,81,LeftResponse,1765531200.7996092,658.323260307312,False
604,1,82,FeedbackPeriodStarted,1765531200.8133843,658.3370356559753,False
605,1,82,startFixDisplay,1765531200.8134513,658.3371016979218,False
606,1,82,startFixPeriod,1765531201.735945,659.2595963478088,False
607,1,82,TargetPresentation,1765531202.9780815,660.5017354488373,False
608,1,82,TargetDisplacement,1765531202.9850113,660.5086650848389,True
609,1,82,RightResponse,1765531203.7902775,661.3139283657074,False
610,1,83,FeedbackPeriodStarted,1765531203.810726,661.3343796730042,False
611,1,83,startFixDisplay,1765531203.810855,661.334507226944,False
612,1,83,startFixPeriod,1765531204.9211078,662.4447615146637,False
613,1,83,TargetPresentation,1765531205.8717806,663.3954355716705,False
614,1,83,TargetDisplacement,1765531205.8786469,663.4023015499115,True
615,1,83,RightResponse,1765531206.441053,663.9647061824799,False
616,1,84,FeedbackPeriodStarted,1765531206.4614894,663.9851434230804,False
617,1,84,startFixDisplay,1765531206.4616501,663.9853029251099,False
618,1,84,startFixPeriod,1765531206.822416,664.3460700511932,False
619,1,84,TargetPresentation,1765531207.3221004,664.845755815506,False
620,1,84,TargetDisplacement,1765531207.335848,664.8595020771027,True
621,1,84,LeftResponse,1765531208.0437489,665.5674006938934,False
622,1,84,FeedbackPeriodStarted,1765531208.0504742,665.5741279125214,False
623,1,85,startFixDisplay,1765531210.0557244,667.5793752670288,False
624,1,85,startFixPeriod,1765531210.2713234,667.7949783802032,False
625,1,85,TargetPresentation,1765531210.7777286,668.301381111145,False
626,1,85,TargetDisplacement,1765531210.7846355,668.3082873821259,True
627,1,85,LeftResponse,1765531211.4717493,668.9954013824463,False
628,1,86,FeedbackPeriodStarted,1765531211.4921577,669.0158090591431,False
629,1,86,startFixDisplay,1765531211.492222,669.0158727169037,False
630,1,86,startFixPeriod,1765531211.7005932,669.2242448329926,False
631,1,86,TargetPresentation,1765531212.8802457,670.4038996696472,False
632,1,86,TargetDisplacement,1765531212.8871212,670.4107754230499,True
633,1,86,RightResponse,1765531213.4426017,670.9662544727325,False
634,1,87,FeedbackPeriodStarted,1765531213.4630344,670.9866886138916,False
635,1,87,startFixDisplay,1765531213.4631844,670.9868369102478,False
636,1,87,startFixPeriod,1765531216.0304818,673.554135799408,False
637,1,87,TargetPresentation,1765531217.0088742,674.5325284004211,False
638,1,87,TargetDisplacement,1765531217.015811,674.5394651889801,True
639,1,87,RightResponse,1765531217.6130784,675.1367318630219,False
640,1,88,FeedbackPeriodStarted,1765531217.633338,675.1569919586182,False
641,1,88,startFixDisplay,1765531217.6334796,675.1571321487427,False
642,1,88,startFixPeriod,1765531217.86947,675.3931243419647,False
643,1,88,TargetPresentation,1765531218.6048772,676.1285293102264,False
644,1,88,TargetDisplacement,1765531218.8199298,676.3435831069946,True
645,1,88,RightResponse,1765531219.3893607,676.9130129814148,False
646,1,89,FeedbackPeriodStarted,1765531219.4097683,676.9334225654602,False
647,1,89,startFixDisplay,1765531219.4099097,676.9335625171661,False
648,1,89,startFixPeriod,1765531219.9233942,677.4470462799072,False
649,1,89,TargetPresentation,1765531221.2764528,678.8001070022583,False
650,1,89,TargetRemoval,1765531221.2833776,678.8070292472839,True
651,1,89,TargetReappeared,1765531221.5332055,679.0568618774414,False
652,1,89,RightResponse,1765531221.956539,679.480190038681,False
653,1,90,FeedbackPeriodStarted,1765531221.9701562,679.493807554245,False
654,1,90,startFixDisplay,1765531221.97022,679.4938707351685,False
655,1,90,startFixPeriod,1765531225.398359,682.922013759613,False
656,1,90,TargetPresentation,1765531226.5222955,684.0459494590759,False
657,1,90,TargetDisplacement,1765531226.6679306,684.19158411026,True
658,1,90,LeftResponse,1765531227.0569923,684.5806457996368,False
659,1,90,FeedbackPeriodStarted,1765531227.0635672,684.5872182846069,False
660,1,91,startFixDisplay,1765531229.068871,686.5925252437592,False
661,1,91,startFixPeriod,1765531230.4221704,687.9458246231079,False
662,1,91,TargetPresentation,1765531231.6642942,689.1879484653473,False
663,1,91,TargetDisplacement,1765531231.671234,689.1948878765106,True
664,1,91,RightResponse,1765531232.5250132,690.0486664772034,False
665,1,92,FeedbackPeriodStarted,1765531232.5523155,690.0759699344635,False
666,1,92,startFixDisplay,1765531232.5524457,690.0760974884033,False
667,1,92,startFixPeriod,1765531232.996503,690.5201563835144,False
668,1,92,TargetPresentation,1765531234.1692653,691.692919254303,False
669,1,92,TargetDisplacement,1765531234.1761932,691.6998472213745,True
670,1,92,LeftResponse,1765531234.8704448,692.3940958976746,False
671,1,93,FeedbackPeriodStarted,1765531234.8837183,692.4073693752289,False
672,1,93,startFixDisplay,1765531234.8837826,692.4074330329895,False
673,1,93,startFixPeriod,1765531235.4043067,692.9279582500458,False
674,1,93,TargetPresentation,1765531236.5422664,694.06591796875,False
675,1,93,TargetRemoval,1765531236.549268,694.0729196071625,True
676,1,93,TargetReappeared,1765531236.7990072,694.3226585388184,False
677,1,93,RightResponse,1765531237.284892,694.8085432052612,False
678,1,94,FeedbackPeriodStarted,1765531237.298645,694.8222990036011,False
679,1,94,startFixDisplay,1765531237.2987938,694.8224461078644,False
680,1,94,startFixPeriod,1765531237.7913141,695.3149681091309,False
681,1,94,TargetPresentation,1765531238.3534184,695.8770706653595,False
682,1,94,TargetDisplacement,1765531238.3603034,695.8839569091797,True
683,1,94,LeftResponse,1765531239.0616786,696.5853455066681,False
684,1,95,FeedbackPeriodStarted,1765531239.081853,696.6055045127869,False
685,1,95,startFixDisplay,1765531239.0819185,696.6055691242218,False
686,1,95,startFixPeriod,1765531239.40139,696.9250433444977,False
687,1,95,TargetPresentation,1765531239.9494932,697.473147392273,False
688,1,95,TargetRemoval,1765531239.9564292,697.4800834655762,True
689,1,95,TargetReappeared,1765531240.2061071,697.7297608852386,False
690,1,95,RightResponse,1765531240.8722715,698.3959226608276,False
691,1,96,FeedbackPeriodStarted,1765531240.8862038,698.409854888916,False
692,1,96,startFixDisplay,1765531240.8862717,698.4099223613739,False
693,1,96,startFixPeriod,1765531241.3926792,698.9163315296173,False
694,1,96,TargetPresentation,1765531242.2253609,699.7490129470825,False
695,1,96,TargetDisplacement,1765531242.2323198,699.7559719085693,True
696,1,96,LeftResponse,1765531242.8433642,700.3670194149017,False
697,1,96,FeedbackPeriodStarted,1765531242.8568778,700.3805296421051,False
698,1,97,startFixDisplay,1765531244.8620296,702.3856806755066,False
699,1,97,startFixPeriod,1765531244.8690639,702.3927173614502,False
700,1,97,TargetPresentation,1765531245.5006623,703.0243194103241,False
701,1,97,TargetDisplacement,1765531245.507571,703.0312254428864,True
702,1,97,RightResponse,1765531246.0907614,703.6144149303436,False
703,1,98,FeedbackPeriodStarted,1765531246.1042345,703.6278858184814,False
704,1,98,startFixDisplay,1765531246.1042957,703.6279463768005,False
705,1,98,startFixPeriod,1765531246.4235516,703.9472043514252,False
706,1,98,TargetPresentation,1765531247.0828319,704.606486082077,False
707,1,98,TargetRemoval,1765531247.089656,704.6133098602295,True
708,1,98,TargetReappeared,1765531247.3394506,704.8631021976471,False
709,1,98,RightResponse,1765531247.874159,705.3978126049042,False
710,1,99,FeedbackPeriodStarted,1765531247.894611,705.418265581131,False
711,1,99,startFixDisplay,1765531247.8947635,705.4184157848358,False
712,1,99,startFixPeriod,1765531251.079656,708.6033084392548,False
713,1,99,TargetPresentation,1765531252.2593298,709.7829840183258,False
714,1,99,TargetDisplacement,1765531252.2662551,709.7899091243744,True
715,1,99,LeftResponse,1765531253.0368543,710.5605068206787,False
716,1,100,FeedbackPeriodStarted,1765531253.057252,710.5809063911438,False
717,1,100,startFixDisplay,1765531253.0574017,710.5810542106628,False
718,1,100,startFixPeriod,1765531253.4806867,711.004340171814,False
719,1,100,TargetPresentation,1765531254.1537735,711.6774277687073,False
720,1,100,TargetDisplacement,1765531254.160645,711.6842966079712,True
721,1,100,RightResponse,1765531254.8686686,712.3923206329346,False
722,1,101,FeedbackPeriodStarted,1765531254.8891146,712.4127683639526,False
723,1,101,startFixDisplay,1765531254.8892581,712.4129104614258,False
724,1,101,startFixPeriod,1765531258.5738833,716.0975375175476,False
725,1,101,TargetPresentation,1765531259.1012323,716.6248862743378,False
726,1,101,TargetRemoval,1765531259.108167,716.6318209171295,True
727,1,101,TargetReappeared,1765531259.3580396,716.8816945552826,False
728,1,101,RightResponse,1765531259.9342523,717.4579064846039,False
729,1,102,FeedbackPeriodStarted,1765531259.9546444,717.478298664093,False
730,1,102,startFixDisplay,1765531259.9547927,717.4784452915192,False
731,1,102,startFixPeriod,1765531260.2461798,717.769834280014,False
732,1,102,TargetPresentation,1765531261.5784738,719.1021280288696,False
733,1,102,TargetDisplacement,1765531261.5854034,719.1090557575226,True
734,1,102,RightResponse,1765531262.4251432,719.9487946033478,False
735,1,102,FeedbackPeriodStarted,1765531262.4319234,719.9555749893188,False
736,1,103,startFixDisplay,1765531264.4372551,721.9609093666077,False
737,1,103,startFixPeriod,1765531264.6317668,722.1554205417633,False
738,1,103,TargetPresentation,1765531266.1236017,723.6472556591034,False
739,1,103,TargetDisplacement,1765531266.1304243,723.6540768146515,True
740,1,103,RightResponse,1765531266.748343,724.2719964981079,False
741,1,104,FeedbackPeriodStarted,1765531266.7687895,724.2924423217773,False
742,1,104,startFixDisplay,1765531266.768893,724.2925443649292,False
743,1,104,startFixPeriod,1765531267.0880907,724.6117448806763,False
744,1,104,TargetPresentation,1765531268.4968238,726.020477771759,False
745,1,104,TargetDisplacement,1765531268.5036976,726.027349948883,True
746,1,104,RightResponse,1765531269.10766,726.6313121318817,False
747,1,105,FeedbackPeriodStarted,1765531269.1281261,726.6517808437347,False
748,1,105,startFixDisplay,1765531269.128277,726.6519296169281,False
749,1,105,startFixPeriod,1765531269.586194,727.1098477840424,False
750,1,105,TargetPresentation,1765531270.182944,727.7065980434418,False
751,1,105,TargetDisplacement,1765531270.1899216,727.7135756015778,True
752,1,105,RightResponse,1765531270.897746,728.4213984012604,False
753,1,106,FeedbackPeriodStarted,1765531270.9183662,728.4420204162598,False
754,1,106,startFixDisplay,1765531270.9185312,728.4421842098236,False
755,1,106,startFixPeriod,1765531275.0402567,732.5639109611511,False
756,1,106,TargetPresentation,1765531276.0672786,733.5909330844879,False
757,1,106,TargetDisplacement,1765531276.0742893,733.597944021225,True
758,1,106,RightResponse,1765531276.886348,734.4100000858307,False
759,1,107,FeedbackPeriodStarted,1765531276.9067724,734.4304263591766,False
760,1,107,startFixDisplay,1765531276.9069178,734.430570602417,False
761,1,107,startFixPeriod,1765531277.260827,734.7844820022583,False
762,1,107,TargetPresentation,1765531278.0587978,735.5824520587921,False
763,1,107,TargetDisplacement,1765531278.0656557,735.5893096923828,True
764,1,107,RightResponse,1765531278.7251046,736.2487573623657,False
765,1,108,FeedbackPeriodStarted,1765531278.7456102,736.2692642211914,False
766,1,108,startFixDisplay,1765531278.74575,736.2694025039673,False
767,1,108,startFixPeriod,1765531278.9816735,736.5053250789642,False
768,1,108,TargetPresentation,1765531280.418088,737.9417419433594,False
769,1,108,TargetRemoval,1765531280.4249578,737.9486119747162,True
770,1,108,TargetReappeared,1765531280.6749196,738.198573589325,False
771,1,108,LeftResponse,1765531281.382685,738.9063367843628,False
772,1,108,FeedbackPeriodStarted,1765531281.3963888,738.9200406074524,False
773,1,109,startFixDisplay,1765531283.4016807,740.9253349304199,False
774,1,109,startFixPeriod,1765531283.845886,741.3695387840271,False
775,1,109,TargetPresentation,1765531284.761914,742.2855687141418,False
776,1,109,TargetDisplacement,1765531284.7688067,742.2924609184265,True
777,1,109,RightResponse,1765531285.3937256,742.917377948761,False
778,1,110,FeedbackPeriodStarted,1765531285.4140906,742.9377453327179,False
779,1,110,startFixDisplay,1765531285.4142423,742.937894821167,False
780,1,110,startFixPeriod,1765531285.865174,743.3888282775879,False
781,1,110,TargetPresentation,1765531286.5591912,744.0828454494476,False
782,1,110,TargetDisplacement,1765531286.572791,744.0964422225952,True
783,1,110,LeftResponse,1765531287.1699538,744.693606376648,False
784,1,111,FeedbackPeriodStarted,1765531287.190319,744.7139704227448,False
785,1,111,startFixDisplay,1765531287.1903837,744.714034318924,False
786,1,111,startFixPeriod,1765531287.4472728,744.9709272384644,False
787,1,111,TargetPresentation,1765531288.0787785,745.6024327278137,False
788,1,111,TargetDisplacement,1765531288.0857587,745.6094138622284,True
789,1,111,LeftResponse,1765531288.8768969,746.4005484580994,False
790,1,112,FeedbackPeriodStarted,1765531288.8974278,746.4210820198059,False
791,1,112,startFixDisplay,1765531288.8975976,746.4212498664856,False
792,1,112,startFixPeriod,1765531289.0917783,746.6154320240021,False
793,1,112,TargetPresentation,1765531290.2160053,747.7396597862244,False
794,1,112,TargetRemoval,1765531290.3823574,747.9060080051422,True
795,1,112,TargetReappeared,1765531290.6323056,748.1559600830078,False
796,1,112,RightResponse,1765531291.13885,748.6625010967255,False
797,1,113,FeedbackPeriodStarted,1765531291.1526444,748.6762959957123,False
798,1,113,startFixDisplay,1765531291.152766,748.6764168739319,False
799,1,113,startFixPeriod,1765531291.492645,749.0162971019745,False
800,1,113,TargetPresentation,1765531292.686361,750.2100131511688,False
801,1,113,TargetRemoval,1765531292.6933253,750.2169795036316,True
802,1,113,TargetReappeared,1765531292.94306,750.4667143821716,False
803,1,113,LeftResponse,1765531293.4984593,751.0221128463745,False
804,1,114,FeedbackPeriodStarted,1765531293.51882,751.0424740314484,False
805,1,114,startFixDisplay,1765531293.518963,751.0426156520844,False
806,1,114,startFixPeriod,1765531293.6924229,751.2160758972168,False
807,1,114,TargetPresentation,1765531294.323832,751.8474860191345,False
808,1,114,TargetDisplacement,1765531294.5389438,752.0625982284546,True
809,1,114,RightResponse,1765531295.1013975,752.6250495910645,False
810,1,114,FeedbackPeriodStarted,1765531295.1078138,752.6314661502838,False
811,1,115,startFixDisplay,1765531297.1132321,754.6368861198425,False
812,1,115,startFixPeriod,1765531297.335372,754.859025478363,False
813,1,115,TargetPresentation,1765531298.1125689,755.6362204551697,False
814,1,115,TargetRemoval,1765531298.1195736,755.643227815628,True
815,1,115,TargetReappeared,1765531298.3693511,755.8930053710938,False
816,1,115,LeftResponse,1765531299.0774555,756.6011090278625,False
817,1,116,FeedbackPeriodStarted,1765531299.0978649,756.6215193271637,False
818,1,116,startFixDisplay,1765531299.0980048,756.621657371521,False
819,1,116,startFixPeriod,1765531299.2506647,756.7743167877197,False
820,1,116,TargetPresentation,1765531300.4580538,757.9817080497742,False
821,1,116,TargetDisplacement,1765531300.4649484,757.9886026382446,True
822,1,116,RightResponse,1765531301.0897024,758.6133534908295,False
823,1,117,FeedbackPeriodStarted,1765531301.1101694,758.6338233947754,False
824,1,117,startFixDisplay,1765531301.1103308,758.6339814662933,False
825,1,117,startFixPeriod,1765531301.5405502,759.0642030239105,False
826,1,117,TargetPresentation,1765531303.011556,760.5352103710175,False
827,1,117,TargetDisplacement,1765531303.0184875,760.5421414375305,True
828,1,117,LeftResponse,1765531303.6988518,761.2225050926208,False
829,1,118,FeedbackPeriodStarted,1765531303.7193189,761.2429749965668,False
830,1,118,startFixDisplay,1765531303.7194753,761.2431275844574,False
831,1,118,startFixPeriod,1765531304.0037804,761.52743268013,False
832,1,118,TargetPresentation,1765531305.1002944,762.6239483356476,False
833,1,118,TargetDisplacement,1765531305.1071763,762.6308302879333,True
834,1,118,LeftResponse,1765531305.7041812,763.2278337478638,False
835,1,119,FeedbackPeriodStarted,1765531305.7246215,763.248272895813,False
836,1,119,startFixDisplay,1765531305.724686,763.248336315155,False
837,1,119,startFixPeriod,1765531305.9260452,763.4496982097626,False
838,1,119,TargetPresentation,1765531307.0085516,764.5322067737579,False
839,1,119,TargetDisplacement,1765531307.015486,764.539140701294,True
840,1,119,LeftResponse,1765531307.5499973,765.0736484527588,False
841,1,120,FeedbackPeriodStarted,1765531307.5704305,765.0940816402435,False
842,1,120,startFixDisplay,1765531307.5704942,765.094144821167,False
843,1,120,startFixPeriod,1765531307.813405,765.3370592594147,False
844,1,120,TargetPresentation,1765531308.4657052,765.9893593788147,False
845,1,120,TargetDisplacement,1765531308.5419717,766.065625667572,True
846,1,120,RightResponse,1765531309.1041467,766.6277983188629,False
847,1,120,FeedbackPeriodStarted,1765531309.1109486,766.6346025466919,False
848,1,121,startFixDisplay,1765531311.1161544,768.6398057937622,False
849,1,121,startFixPeriod,1765531311.1232667,768.6469209194183,False
850,1,121,TargetPresentation,1765531312.5667417,770.0903961658478,False
851,1,121,TargetDisplacement,1765531312.573673,770.0973291397095,True
852,1,121,RightResponse,1765531313.3647017,770.8883526325226,False
853,1,122,FeedbackPeriodStarted,1765531313.3784268,770.90207862854,False
854,1,122,startFixDisplay,1765531313.3784952,770.9021458625793,False
855,1,122,startFixPeriod,1765531313.7393537,771.2630076408386,False
856,1,122,TargetPresentation,1765531314.5096657,772.0333199501038,False
857,1,122,TargetDisplacement,1765531314.516612,772.0402672290802,True
858,1,122,RightResponse,1765531315.1830232,772.7066745758057,False
859,1,123,FeedbackPeriodStarted,1765531315.2032845,772.7269361019135,False
860,1,123,startFixDisplay,1765531315.203413,772.7270636558533,False
861,1,123,startFixPeriod,1765531318.9090233,776.4326775074005,False
862,1,123,TargetPresentation,1765531319.6861286,777.2097828388214,False
863,1,123,TargetDisplacement,1765531319.6929839,777.2166352272034,True
864,1,123,LeftResponse,1765531320.3388,777.8624513149261,False
865,1,124,FeedbackPeriodStarted,1765531320.3590527,777.8827040195465,False
866,1,124,startFixDisplay,1765531320.3591173,777.8827679157257,False
867,1,124,startFixPeriod,1765531320.5397854,778.0634398460388,False
868,1,124,TargetPresentation,1765531321.8789616,779.4026131629944,False
869,1,124,TargetDisplacement,1765531321.8857918,779.4094431400299,True
870,1,124,RightResponse,1765531322.4691322,779.9927852153778,False
871,1,125,FeedbackPeriodStarted,1765531322.4894104,780.0130641460419,False
872,1,125,startFixDisplay,1765531322.4895833,780.0132360458374,False
873,1,125,startFixPeriod,1765531323.8981867,781.4218411445618,False
874,1,125,TargetPresentation,1765531324.9736152,782.4972665309906,False
875,1,125,TargetDisplacement,1765531324.9805586,782.5042102336884,True
876,1,125,RightResponse,1765531325.938186,783.4618368148804,False
877,1,126,FeedbackPeriodStarted,1765531325.958811,783.4824621677399,False
878,1,126,startFixDisplay,1765531325.95887,783.4825205802917,False
879,1,126,startFixPeriod,1765531326.4170635,783.940717458725,False
880,1,126,TargetPresentation,1765531327.7353773,785.2590293884277,False
881,1,126,TargetRemoval,1765531327.7423103,785.2659628391266,True
882,1,126,TargetReappeared,1765531327.9922085,785.5158624649048,False
883,1,126,RightResponse,1765531328.568053,786.0917038917542,False
884,1,126,FeedbackPeriodStarted,1765531328.5749428,786.098593711853,False
885,1,127,startFixDisplay,1765531330.5872412,788.1108953952789,False
886,1,127,startFixPeriod,1765531334.8827477,792.4064021110535,False
887,1,127,TargetPresentation,1765531335.9374478,793.4610998630524,False
888,1,127,TargetRemoval,1765531335.9511955,793.474848985672,True
889,1,127,TargetReappeared,1765531336.2010095,793.7246615886688,False
890,1,127,RightResponse,1765531336.6525517,794.1762080192566,False
891,1,128,FeedbackPeriodStarted,1765531336.6797717,794.2034256458282,False
892,1,128,startFixDisplay,1765531336.6798825,794.2035329341888,False
893,1,128,startFixPeriod,1765531336.9782677,794.5019211769104,False
894,1,128,TargetPresentation,1765531338.1441145,795.6677684783936,False
895,1,128,TargetDisplacement,1765531338.1510825,795.6747364997864,True
896,1,128,RightResponse,1765531338.7619195,796.2855710983276,False
897,1,129,FeedbackPeriodStarted,1765531338.7823207,796.30597448349,False
898,1,129,startFixDisplay,1765531338.7824652,796.306117773056,False
899,1,129,startFixPeriod,1765531339.268034,796.7916858196259,False
900,1,129,TargetPresentation,1765531340.6559315,798.1795978546143,False
901,1,129,TargetDisplacement,1765531340.6630473,798.1867027282715,True
902,1,129,LeftResponse,1765531341.266804,798.7904560565948,False
903,1,130,FeedbackPeriodStarted,1765531341.2872903,798.8109443187714,False
904,1,130,startFixDisplay,1765531341.2874377,798.8110880851746,False
905,1,130,startFixPeriod,1765531346.3528492,803.8765025138855,False
906,1,130,TargetPresentation,1765531347.733755,805.2574088573456,False
907,1,130,TargetDisplacement,1765531347.7406652,805.2643189430237,True
908,1,130,LeftResponse,1765531348.2892013,805.8128547668457,False
909,1,131,FeedbackPeriodStarted,1765531348.3096337,805.8332874774933,False
910,1,131,startFixDisplay,1765531348.3097675,805.8334200382233,False
911,1,131,startFixPeriod,1765531349.1701946,806.6938495635986,False
912,1,131,TargetPresentation,1765531350.1693285,807.6929824352264,False
913,1,131,TargetDisplacement,1765531350.1762753,807.6999289989471,True
914,1,131,RightResponse,1765531350.8010094,808.3246614933014,False
915,1,131,FeedbackPeriodStarted,1765531350.8424854,808.3661406040192,False
916,2,132,startFixDisplay,1765531366.6564503,824.1801040172577,False
917,2,132,startFixPeriod,1765531366.6774023,824.2010562419891,False
918,2,132,TargetPresentation,1765531367.4823534,825.0060076713562,False
919,2,132,TargetDisplacement,1765531367.489218,825.0128717422485,True
920,2,132,RightResponse,1765531368.2943919,825.8180437088013,False
921,2,133,FeedbackPeriodStarted,1765531368.3149078,825.8385601043701,False
922,2,133,startFixDisplay,1765531368.3149817,825.838632106781,False
923,2,133,startFixPeriod,1765531368.585693,826.1093468666077,False
924,2,133,TargetPresentation,1765531369.1753995,826.6990530490875,False
925,2,133,TargetDisplacement,1765531369.1822505,826.705902338028,True
926,2,133,RightResponse,1765531369.7237666,827.2474184036255,False
927,2,134,FeedbackPeriodStarted,1765531369.7443533,827.2680070400238,False
928,2,134,startFixDisplay,1765531369.7444963,827.2681488990784,False
929,2,134,startFixPeriod,1765531370.403714,827.9273681640625,False
930,2,134,TargetPresentation,1765531371.8608966,829.3845503330231,False
931,2,134,TargetDisplacement,1765531371.867844,829.3914957046509,True
932,2,134,LeftResponse,1765531372.5619678,830.0856201648712,False
933,2,135,FeedbackPeriodStarted,1765531372.582463,830.1061170101166,False
934,2,135,startFixDisplay,1765531372.5826223,830.1062748432159,False
935,2,135,startFixPeriod,1765531373.1654327,830.6890869140625,False
936,2,135,TargetPresentation,1765531374.0605893,831.5842442512512,False
937,2,135,TargetDisplacement,1765531374.0675077,831.5911614894867,True
938,2,135,LeftResponse,1765531374.7338824,832.2575345039368,False
939,2,136,FeedbackPeriodStarted,1765531374.7543783,832.278032541275,False
940,2,136,startFixDisplay,1765531374.754549,832.2782027721405,False
941,2,136,startFixPeriod,1765531375.7467804,833.2704346179962,False
942,2,136,TargetPresentation,1765531376.683619,834.2072713375092,False
943,2,136,TargetDisplacement,1765531376.6905482,834.214203119278,True
944,2,136,RightResponse,1765531377.252892,834.7765429019928,False
945,2,137,FeedbackPeriodStarted,1765531377.2732506,834.7969040870667,False
946,2,137,startFixDisplay,1765531377.2733932,834.7970457077026,False
947,2,137,startFixPeriod,1765531377.9256694,835.4493234157562,False
948,2,137,TargetPresentation,1765531379.0566685,836.5803203582764,False
949,2,137,TargetRemoval,1765531379.0636487,836.5873031616211,True
950,2,137,TargetReappeared,1765531379.3134344,836.8370883464813,False
951,2,137,LeftResponse,1765531379.9658911,837.4895422458649,False
952,2,138,FeedbackPeriodStarted,1765531379.9864922,837.510146856308,False
953,2,138,startFixDisplay,1765531379.9866443,837.510294675827,False
954,2,138,startFixPeriod,1765531380.291893,837.8155472278595,False
955,2,138,TargetPresentation,1765531381.5686991,839.0923535823822,False
956,2,138,TargetRemoval,1765531381.582592,839.1062462329865,True
957,2,138,TargetReappeared,1765531381.8323429,839.3559968471527,False
958,2,138,LeftResponse,1765531382.5609946,840.0846462249756,False
959,2,138,FeedbackPeriodStarted,1765531382.5677783,840.0914318561554,False
960,2,139,startFixDisplay,1765531384.5729806,842.0966320037842,False
961,2,139,startFixPeriod,1765531384.5800045,842.103657245636,False
962,2,139,TargetPresentation,1765531385.3920934,842.9157464504242,False
963,2,139,TargetRemoval,1765531385.3989077,842.9225590229034,True
964,2,139,TargetReappeared,1765531385.6487873,843.1724410057068,False
965,2,139,RightResponse,1765531386.079305,843.6029574871063,False
966,2,140,FeedbackPeriodStarted,1765531386.0996263,843.6232779026031,False
967,2,140,startFixDisplay,1765531386.0996935,843.6233441829681,False
968,2,140,startFixPeriod,1765531386.398221,843.921875,False
969,2,140,TargetPresentation,1765531387.348873,844.8725273609161,False
970,2,140,TargetDisplacement,1765531387.362797,844.8864512443542,True
971,2,140,LeftResponse,1765531388.0777318,845.6013851165771,False
972,2,141,FeedbackPeriodStarted,1765531388.098214,845.6218657493591,False
973,2,141,startFixDisplay,1765531388.0982816,845.6219322681427,False
974,2,141,startFixPeriod,1765531388.327286,845.85093998909,False
975,2,141,TargetPresentation,1765531388.9517734,846.4754266738892,False
976,2,141,TargetDisplacement,1765531388.9586794,846.4823310375214,True
977,2,141,RightResponse,1765531389.6043754,847.1280283927917,False
978,2,142,FeedbackPeriodStarted,1765531389.6247227,847.1483764648438,False
979,2,142,startFixDisplay,1765531389.6248631,847.1485154628754,False
980,2,142,startFixPeriod,1765531389.7843518,847.3080055713654,False
981,2,142,TargetPresentation,1765531390.5615966,848.0852508544922,False
982,2,142,TargetDisplacement,1765531390.5685298,848.0921840667725,True
983,2,142,LeftResponse,1765531391.1863983,848.7100505828857,False
984,2,143,FeedbackPeriodStarted,1765531391.2069201,848.7305743694305,False
985,2,143,startFixDisplay,1765531391.2070603,848.730712890625,False
986,2,143,startFixPeriod,1765531391.290309,848.8139626979828,False
987,2,143,TargetPresentation,1765531391.8869758,849.4106271266937,False
988,2,143,TargetRemoval,1765531391.893864,849.4175157546997,True
989,2,143,TargetReappeared,1765531392.1436636,849.6673154830933,False
990,2,143,RightResponse,1765531392.8723402,850.395991563797,False
991,2,144,FeedbackPeriodStarted,1765531392.8930364,850.4166879653931,False
992,2,144,startFixDisplay,1765531392.8931046,850.4167551994324,False
993,2,144,startFixPeriod,1765531393.170857,850.6945116519928,False
994,2,144,TargetPresentation,1765531394.4891124,852.0127646923065,False
995,2,144,TargetRemoval,1765531394.4960456,852.0196979045868,True
996,2,144,TargetReappeared,1765531394.7459478,852.269602060318,False
997,2,144,LeftResponse,1765531395.4819055,853.0055599212646,False
998,2,144,FeedbackPeriodStarted,1765531395.488271,853.0119247436523,False
999,2,145,startFixDisplay,1765531397.4935117,855.0171689987183,False
1000,2,145,startFixPeriod,1765531397.5004282,855.0240790843964,False
1001,2,145,TargetPresentation,1765531398.5970316,856.1206858158112,False
1002,2,145,TargetDisplacement,1765531398.6039703,856.1276240348816,True
1003,2,145,RightResponse,1765531399.173257,856.6969096660614,False
1004,2,146,FeedbackPeriodStarted,1765531399.1937463,856.7174003124237,False
1005,2,146,startFixDisplay,1765531399.1938918,856.7175440788269,False
1006,2,146,startFixPeriod,1765531405.6194453,863.1430997848511,False
1007,2,146,TargetPresentation,1765531406.2856164,863.8092703819275,False
1008,2,146,TargetDisplacement,1765531406.292555,863.8162095546722,True
1009,2,146,RightResponse,1765531406.8688686,864.3925223350525,False
1010,2,147,FeedbackPeriodStarted,1765531406.889139,864.4127926826477,False
1011,2,147,startFixDisplay,1765531406.8892825,864.4129347801208,False
1012,2,147,startFixPeriod,1765531407.0766692,864.6003234386444,False
1013,2,147,TargetPresentation,1765531407.6388366,865.1624913215637,False
1014,2,147,TargetDisplacement,1765531407.645779,865.1694333553314,True
1015,2,147,RightResponse,1765531408.4020936,865.9257452487946,False
1016,2,148,FeedbackPeriodStarted,1765531408.4225516,865.946202993393,False
1017,2,148,startFixDisplay,1765531408.4226182,865.9462685585022,False
1018,2,148,startFixPeriod,1765531412.8429313,870.3665838241577,False
1019,2,148,TargetPresentation,1765531413.7102876,871.2339396476746,False
1020,2,148,TargetDisplacement,1765531413.7172546,871.2409064769745,True
1021,2,148,RightResponse,1765531414.411314,871.9349656105042,False
1022,2,149,FeedbackPeriodStarted,1765531414.431875,871.9555287361145,False
1023,2,149,startFixDisplay,1765531414.432075,871.9557259082794,False
1024,2,149,startFixPeriod,1765531414.6400898,872.1637411117554,False
1025,2,149,TargetPresentation,1765531416.090445,873.6140987873077,False
1026,2,149,TargetDisplacement,1765531416.0973818,873.6210355758667,True
1027,2,149,RightResponse,1765531417.034378,874.5580310821533,False
1028,2,150,FeedbackPeriodStarted,1765531417.0548437,874.5784969329834,False
1029,2,150,startFixDisplay,1765531417.054984,874.5786364078522,False
1030,2,150,startFixPeriod,1765531417.2978654,874.8215184211731,False
1031,2,150,TargetPresentation,1765531418.1234996,875.6471529006958,False
1032,2,150,TargetDisplacement,1765531418.1304643,875.6541180610657,True
1033,2,150,RightResponse,1765531418.866165,876.3898167610168,False
1034,2,150,FeedbackPeriodStarted,1765531418.8730173,876.3966717720032,False
1035,2,151,startFixDisplay,1765531420.8781188,878.4017696380615,False
1036,2,151,startFixPeriod,1765531422.1412942,879.6649482250214,False
1037,2,151,TargetPresentation,1765531422.724037,880.2476880550385,False
1038,2,151,TargetRemoval,1765531422.7311378,880.2547914981842,True
1039,2,151,TargetReappeared,1765531422.9809017,880.5045554637909,False
1040,2,151,RightResponse,1765531423.5571878,881.0808396339417,False
1041,2,152,FeedbackPeriodStarted,1765531423.5775902,881.1012444496155,False
1042,2,152,startFixDisplay,1765531423.5777354,881.1013877391815,False
1043,2,152,startFixPeriod,1765531423.785972,881.3096256256104,False
1044,2,152,TargetPresentation,1765531424.3270802,881.850732088089,False
1045,2,152,TargetDisplacement,1765531424.333941,881.8575944900513,True
1046,2,152,RightResponse,1765531425.2431207,882.7667717933655,False
1047,2,153,FeedbackPeriodStarted,1765531425.2637656,882.7874190807343,False
1048,2,153,startFixDisplay,1765531425.2639065,882.7875587940216,False
1049,2,153,startFixPeriod,1765531428.6155403,886.139194726944,False
1050,2,153,TargetPresentation,1765531429.940803,887.4644567966461,False
1051,2,153,TargetRemoval,1765531429.9477875,887.4714412689209,True
1052,2,153,TargetReappeared,1765531430.1975508,887.721204996109,False
1053,2,153,RightResponse,1765531430.7181506,888.2418031692505,False
1054,2,154,FeedbackPeriodStarted,1765531430.7387373,888.2623918056488,False
1055,2,154,startFixDisplay,1765531430.7388835,888.2625358104706,False
1056,2,154,startFixPeriod,1765531431.3772454,888.900897026062,False
1057,2,154,TargetPresentation,1765531432.6678293,890.1914830207825,False
1058,2,154,TargetRemoval,1765531432.6747773,890.1984312534332,True
1059,2,154,TargetReappeared,1765531432.9245968,890.4482505321503,False
1060,2,154,RightResponse,1765531433.3829188,890.9065721035004,False
1061,2,155,FeedbackPeriodStarted,1765531433.403239,890.92689204216,False
1062,2,155,startFixDisplay,1765531433.4033816,890.927033662796,False
1063,2,155,startFixPeriod,1765531433.8820815,891.4057333469391,False
1064,2,155,TargetPresentation,1765531434.8606932,892.3843474388123,False
1065,2,155,TargetDisplacement,1765531434.867536,892.3911912441254,True
1066,2,155,LeftResponse,1765531435.513089,893.0367410182953,False
1067,2,156,FeedbackPeriodStarted,1765531435.5335636,893.0572180747986,False
1068,2,156,startFixDisplay,1765531435.5337114,893.0573637485504,False
1069,2,156,startFixPeriod,1765531441.5151808,899.0388352870941,False
1070,2,156,TargetPresentation,1765531442.0841906,899.607857465744,False
1071,2,156,TargetRemoval,1765531442.0911188,899.6147847175598,True
1072,2,156,TargetReappeared,1765531442.3409245,899.8645782470703,False
1073,2,156,RightResponse,1765531442.7504644,900.2741158008575,False
1074,2,156,FeedbackPeriodStarted,1765531442.7571485,900.2808015346527,False
1075,2,157,startFixDisplay,1765531444.769365,902.2930159568787,False
1076,2,157,startFixPeriod,1765531444.7763293,902.29998254776,False
1077,2,157,TargetPresentation,1765531445.3177578,902.8414120674133,False
1078,2,157,TargetDisplacement,1765531445.3247392,902.848393201828,True
1079,2,157,LeftResponse,1765531445.9214842,903.4451351165771,False
1080,2,158,FeedbackPeriodStarted,1765531445.942143,903.4657962322235,False
1081,2,158,startFixDisplay,1765531445.9422667,903.4659171104431,False
1082,2,158,startFixPeriod,1765531451.6600811,909.1837344169617,False
1083,2,158,TargetPresentation,1765531452.8812659,910.4049191474915,False
1084,2,158,TargetRemoval,1765531452.8882558,910.4119095802307,True
1085,2,158,TargetReappeared,1765531453.1381035,910.6617584228516,False
1086,2,158,LeftResponse,1765531453.582231,911.1058819293976,False
1087,2,159,FeedbackPeriodStarted,1765531453.602866,911.1265196800232,False
1088,2,159,startFixDisplay,1765531453.6030085,911.126660823822,False
1089,2,159,startFixPeriod,1765531454.0818048,911.6054587364197,False
1090,2,159,TargetPresentation,1765531454.6299284,912.1535823345184,False
1091,2,159,TargetDisplacement,1765531454.6367984,912.1604521274567,True
1092,2,159,LeftResponse,1765531455.289297,912.812949180603,False
1093,2,160,FeedbackPeriodStarted,1765531455.3098736,912.8335273265839,False
1094,2,160,startFixDisplay,1765531455.3100119,912.8336644172668,False
1095,2,160,startFixPeriod,1765531455.5458465,913.0695009231567,False
1096,2,160,TargetPresentation,1765531456.26071,913.7843780517578,False
1097,2,160,TargetRemoval,1765531456.2675908,913.7912428379059,True
1098,2,160,TargetReappeared,1765531456.5173762,914.0410282611847,False
1099,2,160,LeftResponse,1765531457.190728,914.7143805027008,False
1100,2,161,FeedbackPeriodStarted,1765531457.2110612,914.734712600708,False
1101,2,161,startFixDisplay,1765531457.2111294,914.7347798347473,False
1102,2,161,startFixPeriod,1765531457.461059,914.9847116470337,False
1103,2,161,TargetPresentation,1765531457.9885488,915.5122029781342,False
1104,2,161,TargetDisplacement,1765531457.995414,915.5190672874451,True
1105,2,161,RightResponse,1765531458.731281,916.2549362182617,False
1106,2,162,FeedbackPeriodStarted,1765531458.7584736,916.2821249961853,False
1107,2,162,startFixDisplay,1765531458.7585459,916.2821962833405,False
1108,2,162,startFixPeriod,1765531460.8959541,918.419606924057,False
1109,2,162,TargetPresentation,1765531461.4580321,918.9816861152649,False
1110,2,162,TargetRemoval,1765531461.464905,918.9885590076447,True
1111,2,162,TargetReappeared,1765531461.7147727,919.2384266853333,False
1112,2,162,LeftResponse,1765531462.5336456,920.0572969913483,False
1113,2,162,FeedbackPeriodStarted,1765531462.5405087,920.064183473587,False
1114,2,163,startFixDisplay,1765531464.55265,922.0763034820557,False
1115,2,163,startFixPeriod,1765531464.5596402,922.0832931995392,False
1116,2,163,TargetPresentation,1765531465.7464375,923.270092010498,False
1117,2,163,TargetRemoval,1765531465.7532423,923.276896238327,True
1118,2,163,TargetReappeared,1765531466.0030978,923.5267493724823,False
1119,2,163,RightResponse,1765531466.4058502,923.9295012950897,False
1120,2,164,FeedbackPeriodStarted,1765531466.4263172,923.9499709606171,False
1121,2,164,startFixDisplay,1765531466.4264178,923.9500682353973,False
1122,2,164,startFixPeriod,1765531466.8773751,924.4010288715363,False
1123,2,164,TargetPresentation,1765531468.1680858,925.6917397975922,False
1124,2,164,TargetDisplacement,1765531468.1750388,925.6986923217773,True
1125,2,164,RightResponse,1765531468.8692586,926.3929116725922,False
1126,2,165,FeedbackPeriodStarted,1765531468.8897264,926.4133806228638,False
1127,2,165,startFixDisplay,1765531468.8898797,926.4135320186615,False
1128,2,165,startFixPeriod,1765531469.201956,926.7256097793579,False
1129,2,165,TargetPresentation,1765531470.3816204,927.9052746295929,False
1130,2,165,TargetRemoval,1765531470.5756938,928.0993447303772,True
1131,2,165,TargetReappeared,1765531470.8257673,928.3494207859039,False
1132,2,165,RightResponse,1765531471.5614822,929.0851340293884,False
1133,2,166,FeedbackPeriodStarted,1765531471.5818443,929.1054954528809,False
1134,2,166,startFixDisplay,1765531471.5819077,929.1055581569672,False
1135,2,166,startFixPeriod,1765531471.5889738,929.1126251220703,False
1136,2,166,TargetPresentation,1765531472.4565394,929.9801938533783,False
1137,2,166,TargetDisplacement,1765531472.6089454,930.1325962543488,True
1138,2,166,RightResponse,1765531473.78199,931.305643081665,False
1139,2,167,FeedbackPeriodStarted,1765531473.8024542,931.3261079788208,False
1140,2,167,startFixDisplay,1765531473.8026276,931.3262801170349,False
1141,2,167,startFixPeriod,1765531474.0801716,931.6038229465485,False
1142,2,167,TargetPresentation,1765531474.7948506,932.3185043334961,False
1143,2,167,TargetDisplacement,1765531474.8017755,932.3254292011261,True
1144,2,167,RightResponse,1765531476.1621125,933.685763835907,False
1145,2,168,FeedbackPeriodStarted,1765531476.1825743,933.7062284946442,False
1146,2,168,startFixDisplay,1765531476.1827803,933.706433057785,False
1147,2,168,startFixPeriod,1765531477.6259675,935.1496214866638,False
1148,2,168,TargetPresentation,1765531478.7154038,936.2390575408936,False
1149,2,168,TargetDisplacement,1765531478.7223465,936.246000289917,True
1150,2,168,RightResponse,1765531479.4165058,936.9401576519012,False
1151,2,168,FeedbackPeriodStarted,1765531479.4231637,936.9468150138855,False
1152,2,169,startFixDisplay,1765531481.4283316,938.9519822597504,False
1153,2,169,startFixPeriod,1765531481.6020944,939.1257474422455,False
1154,2,169,TargetPresentation,1765531482.2751913,939.7988452911377,False
1155,2,169,TargetDisplacement,1765531482.2820776,939.8057310581207,True
1156,2,169,RightResponse,1765531483.101144,940.6247959136963,False
1157,2,170,FeedbackPeriodStarted,1765531483.1217117,940.6453654766083,False
1158,2,170,startFixDisplay,1765531483.1218557,940.6455080509186,False
1159,2,170,startFixPeriod,1765531483.3229818,940.8466358184814,False
1160,2,170,TargetPresentation,1765531484.155571,941.6792228221893,False
1161,2,170,TargetDisplacement,1765531484.329073,941.8527262210846,True
1162,2,170,RightResponse,1765531484.773471,942.2971224784851,False
1163,2,171,FeedbackPeriodStarted,1765531484.7939193,942.3175730705261,False
1164,2,171,startFixDisplay,1765531484.7940443,942.3176946640015,False
1165,2,171,startFixPeriod,1765531484.9536376,942.4772913455963,False
1166,2,171,TargetPresentation,1765531486.1401217,943.6637728214264,False
1167,2,171,TargetDisplacement,1765531486.1610975,943.6847517490387,True
1168,2,171,LeftResponse,1765531487.0217397,944.5453922748566,False
1169,2,172,FeedbackPeriodStarted,1765531487.0491145,944.5727677345276,False
1170,2,172,startFixDisplay,1765531487.049255,944.5729069709778,False
1171,2,172,startFixPeriod,1765531487.0560212,944.5796744823456,False
1172,2,172,TargetPresentation,1765531488.2565746,945.7802276611328,False
1173,2,172,TargetDisplacement,1765531488.2635577,945.7872123718262,True
1174,2,172,RightResponse,1765531488.950914,946.4745669364929,False
1175,2,173,FeedbackPeriodStarted,1765531488.9712307,946.4948847293854,False
1176,2,173,startFixDisplay,1765531488.9713728,946.4950249195099,False
1177,2,173,startFixPeriod,1765531488.9781706,946.5018217563629,False
1178,2,173,TargetPresentation,1765531489.4848118,947.0084645748138,False
1179,2,173,TargetDisplacement,1765531489.900993,947.4246461391449,True
1180,2,173,LeftResponse,1765531490.3526046,947.8762571811676,False
1181,2,174,FeedbackPeriodStarted,1765531490.3728106,947.896461725235,False
1182,2,174,startFixDisplay,1765531490.3728735,947.8965239524841,False
1183,2,174,startFixPeriod,1765531490.5187812,948.0424349308014,False
1184,2,174,TargetPresentation,1765531491.3513787,948.875030040741,False
1185,2,174,TargetDisplacement,1765531491.6149793,949.1386325359344,True
1186,2,174,RightResponse,1765531492.309324,949.832976102829,False
1187,2,174,FeedbackPeriodStarted,1765531492.3158429,949.839494228363,False
1188,2,175,startFixDisplay,1765531494.3210976,951.8447487354279,False
1189,2,175,startFixPeriod,1765531494.3280058,951.8516566753387,False
1190,2,175,TargetPresentation,1765531495.6119628,953.1356160640717,False
1191,2,175,TargetDisplacement,1765531495.7646575,953.2883110046387,True
1192,2,175,RightResponse,1765531496.3824816,953.9061324596405,False
1193,2,176,FeedbackPeriodStarted,1765531496.4029553,953.9266090393066,False
1194,2,176,startFixDisplay,1765531496.403096,953.9267485141754,False
1195,2,176,startFixPeriod,1765531496.868101,954.3917548656464,False
1196,2,176,TargetPresentation,1765531497.437018,954.9606714248657,False
1197,2,176,TargetDisplacement,1765531497.6728055,955.1964588165283,True
1198,2,176,LeftResponse,1765531498.4296792,955.9533317089081,False
1199,2,177,FeedbackPeriodStarted,1765531498.4499567,955.973610162735,False
1200,2,177,startFixDisplay,1765531498.450096,955.9737479686737,False
1201,2,177,startFixPeriod,1765531498.6512625,956.1749150753021,False
1202,2,177,TargetPresentation,1765531499.713026,957.2366797924042,False
1203,2,177,TargetDisplacement,1765531499.7199252,957.2435789108276,True
1204,2,177,LeftResponse,1765531500.4073515,957.931004524231,False
1205,2,178,FeedbackPeriodStarted,1765531500.4276023,957.9512555599213,False
1206,2,178,startFixDisplay,1765531500.427744,957.9513964653015,False
1207,2,178,startFixPeriod,1765531500.6290188,958.1526725292206,False
1208,2,178,TargetPresentation,1765531501.7323134,959.2559654712677,False
1209,2,178,TargetRemoval,1765531501.9264936,959.4501445293427,True
1210,2,178,TargetReappeared,1765531502.1763515,959.7000033855438,False
1211,2,178,RightResponse,1765531502.55133,960.0749824047089,False
1212,2,179,FeedbackPeriodStarted,1765531502.571794,960.0954473018646,False
1213,2,179,startFixDisplay,1765531502.5719345,960.0955867767334,False
1214,2,179,startFixPeriod,1765531502.7939281,960.3175814151764,False
1215,2,179,TargetPresentation,1765531503.2934406,960.8170919418335,False
1216,2,179,TargetDisplacement,1765531503.4530084,960.9766616821289,True
1217,2,179,RightResponse,1765531504.050011,961.5736629962921,False
1218,2,180,FeedbackPeriodStarted,1765531504.0705795,961.5942311286926,False
1219,2,180,startFixDisplay,1765531504.0706475,961.5942981243134,False
1220,2,180,startFixPeriod,1765531504.299629,961.8232817649841,False
1221,2,180,TargetPresentation,1765531505.285006,962.808660030365,False
1222,2,180,TargetDisplacement,1765531505.479181,963.0028345584869,True
1223,2,180,RightResponse,1765531506.0694857,963.5931532382965,False
1224,2,180,FeedbackPeriodStarted,1765531506.0759776,963.5996310710907,False
1225,2,181,startFixDisplay,1765531508.081325,965.60497879982,False
1226,2,181,startFixPeriod,1765531508.338186,965.8618397712708,False
1227,2,181,TargetPresentation,1765531509.7676613,967.2913131713867,False
1228,2,181,TargetDisplacement,1765531509.9341705,967.4578249454498,True
1229,2,181,LeftResponse,1765531510.329968,967.8536198139191,False
1230,2,182,FeedbackPeriodStarted,1765531510.3503523,967.8740034103394,False
1231,2,182,startFixDisplay,1765531510.3504167,967.8740673065186,False
1232,2,182,startFixPeriod,1765531510.5448403,968.0684940814972,False
1233,2,182,TargetPresentation,1765531511.821487,969.3451383113861,False
1234,2,182,TargetDisplacement,1765531511.8285377,969.3521890640259,True
1235,2,182,RightResponse,1765531512.3974617,969.921112537384,False
1236,2,183,FeedbackPeriodStarted,1765531512.4181485,969.9417996406555,False
1237,2,183,startFixDisplay,1765531512.4182048,969.9418551921844,False
1238,2,183,startFixPeriod,1765531512.612629,970.1362807750702,False
1239,2,183,TargetPresentation,1765531513.9936633,971.5173156261444,False
1240,2,183,TargetDisplacement,1765531514.0004432,971.524094581604,True
1241,2,183,LeftResponse,1765531514.6114478,972.1350998878479,False
1242,2,184,FeedbackPeriodStarted,1765531514.6318738,972.1555273532867,False
1243,2,184,startFixDisplay,1765531514.632009,972.1556613445282,False
1244,2,184,startFixPeriod,1765531514.8747492,972.3984017372131,False
1245,2,184,TargetPresentation,1765531516.1309166,973.6545708179474,False
1246,2,184,TargetDisplacement,1765531516.2972088,973.8208618164062,True
1247,2,184,RightResponse,1765531516.9706817,974.4943327903748,False
1248,2,185,FeedbackPeriodStarted,1765531516.9911046,974.5147578716278,False
1249,2,185,startFixDisplay,1765531516.991304,974.5149564743042,False
1250,2,185,startFixPeriod,1765531517.074559,974.5982112884521,False
1251,2,185,TargetPresentation,1765531518.4691713,975.9928250312805,False
1252,2,185,TargetDisplacement,1765531518.4830458,976.0066995620728,True
1253,2,185,RightResponse,1765531519.316073,976.8397262096405,False
1254,2,186,FeedbackPeriodStarted,1765531519.3434753,976.8671293258667,False
1255,2,186,startFixDisplay,1765531519.343636,976.867288351059,False
1256,2,186,startFixPeriod,1765531519.544817,977.068470954895,False
1257,2,186,TargetPresentation,1765531520.5925055,978.116156578064,False
1258,2,186,TargetDisplacement,1765531520.7451804,978.2688338756561,True
1259,2,186,RightResponse,1765531521.6061358,979.129789352417,False
1260,2,186,FeedbackPeriodStarted,1765531521.6196716,979.1433255672455,False
1261,2,187,startFixDisplay,1765531523.6388009,981.1624546051025,False
1262,2,187,startFixPeriod,1765531523.8541021,981.3777558803558,False
1263,2,187,TargetPresentation,1765531524.9641798,982.4878334999084,False
1264,2,187,TargetDisplacement,1765531525.1375477,982.6611986160278,True
1265,2,187,LeftResponse,1765531525.7138,983.2374513149261,False
1266,2,188,FeedbackPeriodStarted,1765531525.7343435,983.2579970359802,False
1267,2,188,startFixDisplay,1765531525.734478,983.2581307888031,False
1268,2,188,startFixPeriod,1765531525.9355881,983.4592394828796,False
1269,2,188,TargetPresentation,1765531526.9210103,984.4446637630463,False
1270,2,188,TargetDisplacement,1765531527.3024895,984.8261404037476,True
1271,2,188,RightResponse,1765531527.566467,985.0901184082031,False
1272,2,189,FeedbackPeriodStarted,1765531527.5870576,985.1107110977173,False
1273,2,189,startFixDisplay,1765531527.5871994,985.1108515262604,False
1274,2,189,startFixPeriod,1765531529.3497183,986.8733720779419,False
1275,2,189,TargetPresentation,1765531530.5500686,988.0737226009369,False
1276,2,189,TargetRemoval,1765531530.7235248,988.247175693512,True
1277,2,189,TargetReappeared,1765531530.9733534,988.497006893158,False
1278,2,189,RightResponse,1765531531.7578652,989.2815172672272,False
1279,2,190,FeedbackPeriodStarted,1765531531.785175,989.3088271617889,False
1280,2,190,startFixDisplay,1765531531.785261,989.3089115619659,False
1281,2,190,startFixPeriod,1765531532.1184711,989.6421248912811,False
1282,2,190,TargetPresentation,1765531533.1384764,990.6621301174164,False
1283,2,190,TargetDisplacement,1765531533.415862,990.9395153522491,True
1284,2,190,RightResponse,1765531534.3738263,991.897479057312,False
1285,2,191,FeedbackPeriodStarted,1765531534.394292,991.9179458618164,False
1286,2,191,startFixDisplay,1765531534.3944223,991.9180746078491,False
1287,2,191,startFixPeriod,1765531534.7621613,992.2858157157898,False
1288,2,191,TargetPresentation,1765531536.059768,993.5834217071533,False
1289,2,191,TargetDisplacement,1765531536.0873957,993.6110467910767,True
1290,2,191,RightResponse,1765531536.8093371,994.3329885005951,False
1291,2,192,FeedbackPeriodStarted,1765531536.8297884,994.3534395694733,False
1292,2,192,startFixDisplay,1765531536.8298523,994.3535029888153,False
1293,2,192,startFixPeriod,1765531537.0659692,994.5896232128143,False
1294,2,192,TargetPresentation,1765531537.7805834,995.3042359352112,False
1295,2,192,TargetRemoval,1765531538.3842192,995.9078719615936,True
1296,2,192,TargetReappeared,1765531538.6341403,996.1577939987183,False
1297,2,192,RightResponse,1765531538.6553192,996.1789722442627,False
1298,2,192,FeedbackPeriodStarted,1765531538.6618931,996.1855466365814,False
1299,2,193,startFixDisplay,1765531540.667044,998.19069480896,False
1300,2,193,startFixPeriod,1765531540.9033058,998.4269587993622,False
1301,2,193,TargetPresentation,1765531541.7567441,999.2803981304169,False
1302,2,193,TargetRemoval,1765531541.9161258,999.4397766590118,True
1303,2,193,TargetReappeared,1765531542.1661208,999.6897745132446,False
1304,2,193,RightResponse,1765531542.6658187,1000.1894700527191,False
1305,2,194,FeedbackPeriodStarted,1765531542.6864302,1000.2100834846497,False
1306,2,194,startFixDisplay,1765531542.6865914,1000.2102437019348,False
1307,2,194,startFixPeriod,1765531542.8807924,1000.4044449329376,False
1308,2,194,TargetPresentation,1765531543.7829304,1001.3065843582153,False
1309,2,194,TargetDisplacement,1765531544.0256405,1001.5492911338806,True
1310,2,194,RightResponse,1765531544.8102639,1002.3339171409607,False
1311,2,195,FeedbackPeriodStarted,1765531544.8306363,1002.3542900085449,False
1312,2,195,startFixDisplay,1765531544.8307707,1002.3544230461121,False
1313,2,195,startFixPeriod,1765531544.9764624,1002.5001149177551,False
1314,2,195,TargetPresentation,1765531545.6912212,1003.2148752212524,False
1315,2,195,TargetRemoval,1765531545.7049618,1003.2286150455475,True
1316,2,195,TargetReappeared,1765531545.9547417,1003.4783930778503,False
1317,2,195,LeftResponse,1765531546.6906152,1004.2142660617828,False
1318,2,196,FeedbackPeriodStarted,1765531546.7111075,1004.2347614765167,False
1319,2,196,startFixDisplay,1765531546.7112489,1004.2349011898041,False
1320,2,196,startFixPeriod,1765531548.3628063,1005.8864595890045,False
1321,2,196,TargetPresentation,1765531548.9386199,1006.4622719287872,False
1322,2,196,TargetDisplacement,1765531548.9456112,1006.469265460968,True
1323,2,196,RightResponse,1765531549.778398,1007.3020489215851,False
1324,2,197,FeedbackPeriodStarted,1765531549.7989824,1007.3226361274719,False
1325,2,197,startFixDisplay,1765531549.7991278,1007.3227784633636,False
1326,2,197,startFixPeriod,1765531550.0627375,1007.5863897800446,False
1327,2,197,TargetPresentation,1765531551.5269115,1009.0505654811859,False
1328,2,197,TargetRemoval,1765531551.533909,1009.057562828064,True
1329,2,197,TargetReappeared,1765531551.7836905,1009.3073446750641,False
1330,2,197,RightResponse,1765531552.2972975,1009.8209495544434,False
1331,2,197,FeedbackPeriodStarted,1765531552.3318317,1009.8554856777191,False
